0,-0.007505889236927033,-0.025507086515426637,-0.005717878540356954
0,-0.15883361299832663,5.67317008972168E-4,0.06182358860969543
0,-0.005464683286845684,-0.011975109577178955,0.054840945535235934
0,-0.055210144924266,0.038153644118990214,-0.0067797866132524275
0,0.0075219422578811646,-0.01074894331395626,0.027393241013799394
0,-0.026917926289818504,-0.009780888530341062,-0.03189641466507545
0,8.012188805474176E-4,-0.008766593204604255,0.013884757459163666
0,-0.10082477496729957,-0.02137066920598348,-0.08072289079427719
0,-0.05276653418938319,-0.07370852430661519,-0.046459472072975974
0,-0.07447437196969986,-1.4184042811393738E-5,0.02421671710908413
0,-0.03619100070661969,0.01893021994166904,0.015443284809589387
0,-0.08455550505055322,-0.03448298076788584,-0.00537941853205363
0,-0.15831974148750305,0.0068978120883305865,-0.18154565679530302
0,0.006914762513978141,-0.08442058307783944,-0.024127510376274586
0,-0.08265046030282974,-0.0029791175491280025,1.962171359495683E-4
0,-0.045922799543900925,0.0036800828847018156,-0.033142297313763544
0,6.990703669461337E-4,0.038393226536837494,-0.08819733777393897
0,-0.04193630144000053,-0.027787265181541444,0.033418881396452584
0,-0.02608043421059847,0.056040000170469284,0.09323850646615028
0,0.01001369609282567,-0.06160084215494303,-0.011377919997487749
0,-0.018758551640944046,0.02650967240333557,-0.016008820671301622
0,-0.02284130619631873,-0.031778989566697016,0.03247020310825772
0,0.05732491984963417,-0.054027449960509934,0.07025285638295688
0,0.06316749616102739,-0.09818802841685036,0.05557071417570114
0,-0.026347291469573975,-0.14727750346064566,0.05883951733509699
0,-0.022462132573127746,-0.08855482302606106,0.01372384483164007
0,-0.021102760519300188,-0.044837666409356255,-0.014182630512449477
0,-0.007919468482335408,-0.04860349347194036,-0.0027320832014083862
0,0.013785843338285173,0.038996487855911255,0.03670631721615791
0,-0.027393396411623274,0.003911943307944706,0.045436003378459384
0,0.04487753286957741,-0.12126949243247509,-0.1154955882165167
0,-0.028277405434184603,-0.044248420331213206,-0.05585547329650985
0,0.006670160977928726,0.008061112629042732,0.037235679371016364
0,-0.047245877981185916,-0.00666053295135498,0.15586403012275696
0,-0.03494839583124433,-0.0161254278251103,-0.0640539862215519
0,-0.07459214702248573,0.025911808013916016,-0.029596000909805298
0,0.030673012137413025,0.07836691588163376,-0.18740347921848297
0,-0.022764131426811218,-0.07011555321514606,-0.030517445877194405
0,-0.07042646465393212,-0.0442284420132637,-0.009246959136082577
0,0.012477317026683263,-0.005692952445575169,-0.0033087190240621567
0,-0.2598176747560501,-0.02214544415473938,0.053328830003738406
0,0.009804058406088088,0.026868356598748103,-0.02454473755576394
0,0.04499603169304984,0.07235666683741979,0.0749786463048723
0,-0.002681976556777954,-0.1397718608379364,0.06713199615478516
0,0.005835812200199474,0.01659280468117107,-0.01494982341925303
0,-0.0937193123889821,0.06871694539274488,-0.08281447039917111
0,-0.046629518270492554,-0.027044178201602057,-0.039747013577393124
0,-0.006312310695648193,-0.007574740797281265,-0.05608389712870121
0,-0.002741255930491856,-0.09248775030885424,0.029270365834236145
0,0.062047096399160534,-0.02454629884316371,-0.10661903023719788
0,-0.004942780733108521,-0.038818728923797605,-0.04066044430841099
0,7.588139602116176E-4,-0.06547681667975017,-0.02222138856138502
0,0.07266657799482346,0.020613819360733032,-0.020263963275485568
0,0.0024397462606430055,-0.005630530416965485,0.038237799924832803
0,0.017045984665552776,-0.019810017943382264,0.010660352075801176
0,0.07659534944428338,-0.027095406419701047,-0.03208793782525592
0,0.028833354512850445,-0.012418375247054629,-0.032496435940265654
0,0.13981098532676697,0.05364120006561279,-0.010700265566507975
0,0.11249480247497559,0.07988395094871521,0.06027129888534546
0,0.04493336379528046,0.009885209302107493,0.02256689327103751
0,-0.03925396203994751,0.026497413218021394,-0.10244936185578506
0,-0.0395661952594916,-0.01137649267911911,-0.033160730600357055
0,0.03816358248392741,-0.012706163856718276,-0.019090598279779606
0,-0.04327910596674139,-0.01663977720520713,0.024433799661122836
0,-0.02884266972541809,-0.006226898729801178,-0.10472989150068977
0,-0.04461868815124035,-0.05053057111799717,-0.02097795768217607
0,0.03814849028220543,-0.08821412003957309,-0.0029055380395480563
0,-0.018689775123045996,-0.02419936886200538,-0.0013036238295691355
0,-0.03323496878147125,-0.11276748776435852,0.020299557596445084
0,-0.07564035927255948,0.0014798541863759358,-0.12966393364163545
0,-0.08366870135068893,-0.08237247647983688,-0.05825199140235782
0,0.04483091560277072,0.035935338247906075,0.024079573651154835
0,-0.010869268666614185,0.10335853424939243,-0.01026936417276209
0,0.07766844603148373,-0.07670755007050255,-0.09093512188304555
0,-0.033274454375108085,-0.03044446888897154,-0.07421451197429137
0,0.06667427470286687,0.04430538912614187,0.036786407232284546
0,-0.09308340400457382,-0.08585681021213531,-0.01074877381324768
0,0.01047872006893158,0.04517374531580852,0.03672905904906137
0,-0.10037813584009807,0.00632454330722491,-0.013197549618780613
0,-0.011493271326317507,0.0044050313094083,0.033748243984423186
0,-0.04401151463389397,-0.028467120975255965,-0.028538817167282106
0,0.05081755667924881,-0.08055999875068665,-0.050462692975997925
0,-0.10238126665353775,-0.09463123790919781,-0.11341507211327553
0,-0.0010092053562402725,-0.11426586533586185,-0.032291222077149614
0,-0.012257653805944655,-0.164470710274246,-0.04411142650577757
0,-0.019061940637501804,-0.011937286366115917,-0.02612312825826498
0,-0.10199237118164699,-0.054241415858268735,-0.07604444815832026
0,-0.03377975896000862,-0.05857124200297727,0.046572352200746535
0,-0.034145248122513294,-0.002475135028362274,-0.016625285148620605
0,-0.02625493492398943,0.017773198229925975,0.07510396465659142
0,0.005352279916405678,0.0564336821436882,-0.012141380831599236
0,-0.051438270757595696,-0.16797366241614023,-0.012199413031339645
0,-0.030516658510480608,0.03838143178394863,0.02506016691525777
0,0.0010610967874526978,0.014471419155597687,-0.08896267227828503
0,0.058317982488208346,0.01847016480233934,-0.04975365251302719
0,0.047646093368530276,-0.07358862459659576,-0.05329763889312744
0,6.662628480366298E-4,-0.03779684113604682,-0.05694006532430649
0,-0.016050228476524354,-0.05062593966722488,-0.007715846101442973
0,0.02687342252050127,-0.03426606740270342,0.06657603941857815
0,-0.04555325768887997,-0.07457284443080425,-0.04467572662092391
0,0.004792658452476774,-0.01021234563418797,0.03129397581020991
0,0.019099670151869457,-0.023735113441944122,-0.05121328624395224
0,0.06199868395924568,0.03238772973418236,-0.09933352346221606
0,0.07225424395157741,-0.023991898275338687,-0.02750644660913027
0,-0.12317886669188738,0.028485968708992004,-0.08396591432392597
0,-0.031128383495590904,-0.013779969377951189,-0.001978546380996704
0,4.056394100189209E-4,-0.09928630789120992,0.047998420894145966
0,-0.041906737023964524,-0.002120579592883587,0.030182208633050323
0,0.030014102657636006,-0.036510939399401345,0.019362550228834152
0,8.177120859424273E-4,0.017705415685971577,-0.02015429859360059
0,0.08000140885512035,-0.18227087892591953,-0.07525983266532421
0,0.005556967109441757,-0.04976944128672282,-0.04389183249856744
0,-0.009746041148900986,-0.030890651668111484,0.007950967976025172
0,0.0030767206962292013,0.03801650725878202,-0.0019518595475416917
0,-0.0013007024923960369,0.005933006604512532,-0.05998379737138748
0,0.004928237944841385,-0.045054253190755844,0.0023466808100541434
0,-0.006219927221536636,-0.10155056603252888,-0.032604871690273284
0,0.10865307599306107,-0.08950438164174557,-0.005101258556048076
0,0.020576985818999156,0.0457762075322015,0.029028316028416157
0,-0.019099344809850056,-0.07363159954547882,0.049750931560993195
0,0.016131460666656494,-0.06762092289599506,-0.014922618245085081
0,-0.05973184108734131,-0.052673570811748505,0.03668198734521866
0,-0.0014622365606242213,-0.0581313178970896,-0.02750741293032964
0,-0.1613361860315005,0.002328601148393419,-0.0694614408744706
0,4.730671644210815E-5,-0.10155246071517468,-0.03427260182797909
0,0.019009951502084732,-0.020396905951201916,0.050071023404598236
0,-0.04047295699516932,-0.10112015654643376,0.013357916474342346
0,0.011980356140570208,-0.11948285285722125,0.06497968112428983
0,-0.0935112734635671,-0.08228500684102376,-0.10177971050143242
0,0.0797000452876091,-0.07316615805029869,-0.011830314993858337
0,-0.09165719449520111,-0.051090683043003085,-0.08416224345564842
0,-0.02136919740587473,-0.09280677372589707,0.010304818395525217
0,-0.08798830807209015,-0.08461683541536331,0.004933377106984456
0,0.014634594321250916,0.001179620623588562,0.02768628512110029
0,-0.01945021613077684,-0.022401721640066666,-0.13339162044800246
0,-0.03396795690059662,-0.010443903505802155,0.07352710018555324
0,-0.007942594587802887,-0.0015323825857856057,-0.06543341737527114
0,0.01961363231142362,-0.007212708393732707,0.07503283502800125
0,-0.019781906295705726,0.001871432419176455,-0.023369066141269827
0,0.05468923311967116,-0.016008729544969704,-0.008811744728258677
0,-0.007009289554647497,-0.013591500653608425,0.04456553359826406
0,-0.007491499185562134,0.02076567844911055,-0.01793095740404996
0,-0.020048215240240096,-0.041296873986721036,0.11070747921864192
0,0.08890265226364136,0.028972089290618896,0.11058080941438675
0,-0.0114612416787581,-0.14674117280678314,-0.06825369969010353
0,-0.040630950695938535,0.009227974547280205,0.028398772080739338
0,-0.08816081782182057,-0.0019346177577972412,0.06860094666481018
0,-0.01589286556610694,-0.109561708684151,0.01253007696225093
0,-0.08577431924641132,-0.07167424913495779,0.0023970603942871094
0,-0.028659168630838394,-0.03790781037373976,0.03626830198548057
0,-0.12701896471636637,-0.027383780905178616,0.0125395225154029
0,-0.07334139477461576,-0.029839396476745605,-0.011039102822542191
0,0.007096794247627258,0.04136854708194733,-0.013894785195589066
0,-0.07564471811056137,0.018643441796302795,-0.19022954095687186
0,-0.02296900110585349,0.035763374396732876,-0.03666893641153971
0,-0.02837497368454933,-0.0695500373840332,-0.04307119362056255
0,0.05722028265396754,0.07382689416408539,-0.013090115040540695
0,0.038267007895878384,0.050641342997550964,0.04777787625789642
0,-0.11957621350884437,0.012650910019874572,-0.0027012452483177185
0,-0.0024399146437644958,0.05591949224472046,0.08381771047910054
0,-0.02741395149912153,-0.04102308728865215,-0.07743923697206709
0,0.011650233964125315,0.009609458843866985,0.011632934212684631
0,-0.023334752768278122,-0.023246396332979202,0.0825171560049057
0,-0.07379186366285596,0.03596139486346926,-0.014617147545019785
0,0.04109186204996976,-0.0014889890497381036,-0.07274546416906211
0,-0.12400075154645103,0.05006057449749538,-0.06654448558886845
0,-0.0041990820318460464,-0.09008386824280024,-0.03129202210240894
0,-0.03823784738779068,-0.014689751900732517,-0.01798049807548523
0,0.06358313134738378,0.03736895535673414,-0.0011353269219398499
0,0.09440899583009574,-0.014354194299532818,-0.03504299478871482
0,-0.020459621213376522,-0.04418081417679787,-0.04481340418843662
0,-0.025383482376734417,-0.011532872915267944,-0.00361640565097332
0,-0.004469329197155802,-0.010323782500467803,0.023663143813610076
0,-0.05439325571060181,-0.08311448097229004,-4.611015319824219E-4
0,-0.06308610737323761,0.07144656181335449,-0.019067576663060623
0,-0.066928930580616,-0.01995864510536194,0.046592187881469724
0,0.007774260640144348,-0.022817125916481017,-0.013549482822418213
0,-0.061477601528167725,0.018105849623680115,0.03973308205604553
0,-0.1129135712981224,-0.0808600790798664,-0.05851849168539047
0,0.013345886766910554,-0.017615708708763122,-0.07448218452433746
0,-0.03042572330344807,-0.038092499429529365,-0.06921277127482674
0,-0.031667413810888924,-0.016143665959437687,-0.01713012158870697
0,0.033046776056289674,0.013030197471380234,0.040950934092203774
0,0.05698672749779441,0.02377658811482516,-0.03661187566243685
0,-0.03381332258383433,-0.04983195662498474,0.03553370386362076
0,-0.06912720054388047,0.006702545285224915,0.04742171005769209
0,0.006720819017466377,0.008468279067207785,0.07467713776756735
0,0.03272966750793987,-0.09038424243529637,-0.018634139249722164
0,0.015522838703223638,0.031598583928176334,-0.07636444589921407
0,-0.0017289333045482635,-0.0037888112393292513,-0.007758089651664098
0,-0.06374426931142807,-0.057479479246669345,-0.034365395456552504
0,-0.05043750730427829,0.06793162497607144,-0.11292098665779288
0,0.0021505870279811675,0.05317681885900952,0.03697305658589239
0,-0.00886413880756923,-0.04695488512516022,-0.04133812870298113
0,0.08181058863798778,0.07997861256202062,0.06860317076955523
0,0.008336547762155533,0.03337453491985798,-0.021249200403690337
0,0.023068547248840332,-0.12632761150598526,-0.10547052696347237
0,-0.045026153326034546,-0.1097060963511467,-0.03586377203464508
0,0.003311621291296823,-7.871900285993304E-4,-0.01572986940542857
0,0.04500890672206879,0.09377041459083557,-0.06567130088806153
0,0.004403425311600721,0.060985693225154174,0.0075830074733701245
0,0.0027252018451690676,0.017834168672561646,-0.025558412075042725
0,-0.007714630892643562,-0.08241129723879007,-0.1113702223769256
0,-0.10463523119688034,-0.1141809094697237,-0.021417583028475445
0,0.0036337468773126602,-0.013177605345845222,-0.07711702585220337
0,0.0771324411034584,-0.021376900374889374,0.030332252383232117
0,-0.06000128175531115,0.04759151594979422,-0.022175919264554977
0,-0.11734728453059991,0.049272675067186356,-0.047662039215748124
0,-0.0771967887878418,-0.0023740450541178387,0.048009977738062544
0,-0.024912938475608826,-0.042566698458459645,-0.06274961349036959
0,-0.09527020688567843,-0.06364506110548973,0.014441855748494466
0,0.0961360250200544,-0.034785053559712,0.1570165939629078
0,0.01897382934888204,-0.085809592405955,-0.006815594621002674
0,-0.10281601016010557,0.03446732248578753,-0.08583509496280126
0,0.042525534118924825,-0.15065423718520574,0.034134229024251304
0,-0.09053019516997868,0.00798709856139289,0.03680737993933938
0,-0.08344012498855591,-0.12197807878255844,0.06921564936637878
0,-0.026002651878765652,-0.024534291454723904,-0.09248384973034263
0,0.11925240357716878,-0.23384186625480652,0.0928383708000183
0,-0.11242385146518548,-0.05689016729593277,-0.12584370804520753
0,-0.023733846843242645,-0.021392822265625,0.05133571533056406
0,-0.01437606910864512,-0.12688925696743858,0.032213601199063385
0,-0.04254577085375786,-0.004562154412269592,0.002474823594093323
0,-0.028500756150797793,-0.05461810529232025,-0.04387782416061351
0,-0.056377447077206204,-0.14717628487518855,0.01906855238808526
0,-0.015501059591770172,-0.0314412276659693,-0.10045437168862138
0,0.004344716668128967,0.029116797853599895,-0.02218859518567721
0,-0.03298188921283273,-0.01928042576593511,-0.10117814454593156
0,-0.01241101324558258,-0.02101171265045802,5.234938401442308E-4
0,0.00955207965203694,-0.019885697535106113,-0.01166047714650631
0,0.004850221797823906,-0.0683279849588871,0.06918612122535706
0,0.014273409332547869,-0.05111563205718994,-0.009028368691603342
0,0.05804474155108134,-0.05165270964304606,-0.0073047996713564945
0,0.01098366720335824,-0.09376085443156106,-0.011426296085119247
0,-0.03259566757414076,0.0023764471213022866,0.034999663179570976
0,-0.07507851261358994,-0.031823733678230874,-0.004812853535016378
0,0.018379893567827012,-0.06902313397990333,0.02860223976048556
0,0.047775257378816605,0.07997708767652512,-0.09470742121338845
0,0.0034631586500576566,-0.015129791838782174,0.05826766323298216
0,0.018244969844818115,0.023308271169662477,-0.0909226417541504
0,0.024647289514541627,0.03375154137611389,0.04004057816096714
0,0.026787911355495454,-0.09596438333392143,-0.14536054330793294
0,-0.0035439497894710964,0.07908376057942708,-0.06257997618781196
0,-0.015592866473727755,0.03773982491758135,-0.02361325588491228
0,0.0042949385113186305,0.020321713553534612,-0.021912985726406698
0,-0.10472116218163417,0.013686025658479104,-0.030041366815567017
0,0.02086328057681813,0.04079486342037425,-0.06269334826399298
0,-0.16518219312032065,-0.031239132086435955,0.03236823678016663
0,-0.16082024481147528,0.08344302326440811,-0.06895117089152336
0,-0.04760011202759213,-0.010886708895365397,-0.04127519510009072
0,0.08796859284241994,0.035093583166599274,0.03304708855492728
0,-0.06438396551779338,-0.005372394408498492,0.05569276213645935
0,-0.022867985897594027,-0.025126445003681712,0.011357390880584716
0,-0.004319104437644665,-0.042634410926928885,0.02807617982228597
0,-0.09685145484076606,0.0061812930636935765,-0.07347808927297592
0,-0.010022088885307312,-0.0034329742193222046,0.011408398548762003
0,-0.033489421010017395,-0.0021644893445466693,-0.03048299252986908
0,0.06839572886625926,0.01230387141307195,-0.03377255265201841
0,-0.005639174154826573,0.06828262337616511,-0.03210802096873522
0,0.01805439049547369,-0.002473262223330411,-0.020958118818022987
0,-0.014554748932520548,-0.03023072083791097,-0.13886352069675922
0,-0.06483697611838579,-0.031567277386784554,-0.05091665663263377
0,-0.07309989538043737,-0.019695183262228966,0.11944536864757538
0,0.04864095741262039,-0.17881868282953897,-0.052883631334855005
0,0.010265153646469117,0.003291451930999756,0.0023923913637797036
0,0.015986144542694092,0.006967829430804533,0.039079191053614896
0,-0.06686623891194661,-0.07711610818902652,0.04296920895576477
0,-0.15354708156415395,0.03948342374392918,-0.09390780329704285
0,0.08534304425120354,-0.08332771202549338,-0.016311443514294095
0,-0.03809002280235291,-0.017322887033224106,-0.011657760739326476
0,0.01926047248499734,0.11149445388998304,-0.005122978240251541
0,0.06750744581222534,-0.003737807273864746,7.626935839653015E-4
0,-0.007651345510231822,-0.047868321404645316,-0.06455937478887408
0,-0.08668128401041031,-0.06517960987985134,-7.097572088241578E-5
0,-0.003894699530469047,0.05109213375382953,-0.008667225432064798
0,-0.029417554289102553,0.0471988707780838,0.0378516208041798
0,0.017611316508717008,0.021110566953818004,0.017811721092776248
0,-0.1917970577875773,0.021440391739209492,-0.06787645071744919
0,-0.03439067091260638,0.007373197802475521,0.03181287248929342
0,0.03287757188081741,0.04160000756382942,0.01691709293259515
0,0.05137880974345737,-0.04015223847495185,0.005868786945939064
0,-0.03229226619005203,-0.035489946603775024,-0.04071711617357591
0,0.1288075496753057,0.04088355600833893,-0.016868193944295246
0,-0.041083146418843954,-0.10408159877572741,-0.04258134381638633
0,-0.06509250029921532,-0.04680795305305057,0.009497837887869941
0,-0.018334264556566875,-0.016067862510681152,-0.0961987853050232
0,-0.16405012210210165,-0.04276292026042938,0.02964991331100464
0,-0.031422221660614015,0.018599045276641846,-0.03133195638656616
0,-0.01842217892408371,-0.13143692476054034,0.11822625994682312
0,-0.10310213019450505,0.03874862194061279,-0.015788561105728148
0,-0.06999276578426361,-0.05403161235153675,0.013275074958801269
0,0.02805468440055847,0.009457707405090332,0.007938840559550695
0,-3.539043314316694E-4,-0.0856372924411998,-0.01601335613263978
0,-0.06451394243372811,0.03322100639343262,-0.08203936616579692
0,0.12839069962501526,-0.10835374891757965,0.09160371869802475
0,-0.026600990030500624,-0.08283079539736111,-0.02760811261832714
0,-0.02496228434822776,-0.12598686462098901,-0.0233355350792408
0,-0.0637494411606055,-0.04376453963609842,0.03225927742627951
0,-0.04778456605143017,-0.0062274436155955,0.026452958583831787
0,-0.02690281305048201,-0.06164427432749006,-0.03407214311036197
0,0.0169379126567107,0.0028910258641609778,-0.06066511092441423
0,0.01818123459815979,-0.05302485544234514,-0.042331373691558837
0,-0.004920494791708495,0.047172294635521736,-0.007136925074614976
0,0.04526189900934696,0.03693374618887901,0.15891218185424805
0,-0.012248396873474121,0.011128650771247016,-0.10882724324862163
0,0.07629096508026123,0.03464152216911316,-0.007613241672515869
0,0.06559876600901286,0.08107420305411021,-0.051226092072633594
0,-0.07888946756720543,-0.10455368403345347,-0.08190851692448962
0,0.04807368086444007,0.02653852767414517,-0.07610037922859192
0,0.08560035957230462,0.030751691924201116,0.03640792667865753
0,0.051502308675221035,-0.014148169330188207,0.058756958693265915
0,-0.013974973186850547,0.029690975695848464,0.040824733674526215
0,-0.001957589387893677,-0.008270150423049927,-0.05596675588326021
0,-0.2113369752963384,-0.014979456861813864,-0.023826897144317627
0,-0.024923627078533173,0.008796194195747375,0.046536757187409836
0,-0.03299159074530882,0.005424410104751587,-0.065110839119083
0,-0.0201584380120039,-8.183056488633156E-4,0.07064886018633842
0,-0.03491093814373016,0.022153303027153015,0.033919875820477806
0,-0.15283063528212634,-0.042076125741004944,-0.008403343458970388
0,-0.008085855282843113,0.026141006499528885,0.0846221387386322
0,-0.024518235524495443,0.009577587991952897,-0.013998263515532017
0,0.0283164381980896,-0.064798646739551,-0.0335066384739346
0,-0.006322305649518967,-0.07728889212012291,0.05059223622083664
0,-0.016250431537628174,-0.17514070055701517,-0.046871413405124955
0,-0.03764020800590515,-0.0964016243815422,0.06714411576588948
0,-0.06187544167041779,0.0012489855289459229,-0.03284681317481128
0,-0.058965238432089485,-0.1181764118373394,-0.07893797134359677
0,-0.03803991182492329,-0.045742758764670446,-0.06206141944442477
0,0.09591530902045113,0.17805071387972152,-0.030850740149617195
0,0.042719622453053795,-0.07550499836603801,0.0762593388557434
0,-0.07735059410333633,-0.0162408451239268,-0.016957559755870273
0,-0.08341451063752174,-0.010707682371139527,-0.024425915131966274
0,-0.10869147734982627,-0.034230366349220276,-2.9480126168992784E-4
0,0.09184352376244286,-0.04484602910551158,-0.06251523305069316
0,-0.006612089063440051,-0.05999789120895522,0.008184601153646196
0,-0.023725290190089832,-0.026907332241535187,-0.09499677643179893
0,-0.07353301041505554,0.12086372754790566,-0.07767960601128064
0,-0.06138351857662201,0.026824045181274413,-0.024419297065053667
0,0.047589687740101534,-0.014862048275330487,0.0031058998668895047
0,0.041721724801593356,0.02410130865044064,0.03729692643338984
0,-0.04351446529229482,-0.06263188769419988,0.012427019221442086
0,-0.07549611181020736,-0.06424358785152436,-0.09501195574800174
0,0.015347201377153397,-0.10446686204522848,0.011468979716300964
0,-0.06053429841995239,-0.046220481395721436,-0.02827096978823344
0,-0.04048144817352295,0.04265059530735016,2.9023204530988422E-5
0,-0.041397651488130745,-0.00355363975871693,-0.046640703884454876
0,0.0036549046635627747,-0.04873845395114687,-0.05363214462995529
0,0.011646561324596405,0.10834956169128418,-0.13551390978197256
0,-0.08842044610243577,-0.03185709050068489,-0.05216896853276661
0,0.02285972521418617,-0.027396823856092635,6.948845541995505E-4
0,-0.17282567504379484,-0.09793475104702844,0.09652169942855834
0,0.01139569448100196,-0.024031302995151944,0.03907231489817301
0,0.008756043655531747,0.06180874790464129,-0.019148096442222595
0,-0.012319104745984077,0.04985556068519751,-0.054009227348225455
0,-0.017796600858370464,0.05997881790002187,0.06717438357216972
0,0.0055114984512329105,-0.04371826574206352,0.0786349594593048
0,0.022092374839953015,-0.0866404537643705,0.05744791676600774
0,0.010079200069109598,-0.14579523727297783,-0.05898461065122059
0,-0.053305515088140965,7.637012749910355E-4,0.01334627800517612
0,-0.036982498624745536,0.02881040730897118,0.037793261163374954
0,-0.21285163052380085,-0.02694842964410782,-0.005628466606140137
0,0.016235907872517902,0.021110135316848754,0.04843318199410158
0,-0.05721236765384674,-0.046406568586826326,-0.0735463226834933
0,-0.0151495561003685,-0.01789712905883789,-0.005634135566651821
0,-0.016498354866224176,-0.02584157927947886,-0.021941788102451124
0,-0.028758033138254414,-7.98357569653055E-4,-0.09522834092378617
0,0.06348232179880142,0.052360258996486664,0.032322585582733154
0,-0.04227889416848912,-0.11341233157059726,-0.018162944599201803
0,-0.07338890362353552,-0.05194702850920813,0.01692639362244379
0,-0.11340874284505845,-0.026411998271942138,0.033619804815812546
0,0.007243032482537356,0.014209710738875649,0.0665947131135247
0,-0.13278740644454956,0.043651871383190155,-0.07956176002820332
0,0.006457467873891194,0.10145361224810283,0.034227354824543
0,-0.054795184960732095,0.1066677593267881,-0.010377456744511923
0,-0.12041479979570095,-0.13781727105379105,-0.14284087823969976
0,-0.009441552417618888,-0.010278290403740746,0.0010821920420442308
0,-0.030534045149882633,-0.03033793220917384,-0.015546051355508657
0,-0.14346569031476974,-0.07364141196012497,-0.029583938419818878
0,0.04015861398407391,-0.14536853773253305,-0.08596694735544068
0,0.04268176853656769,0.025248564247574126,0.01502288319170475
0,0.03290357334273202,0.017893139805112566,0.020585195885764226
0,-0.05850028762450585,-0.044788384093688086,0.12822095624038152
0,0.03777192367447747,-0.05080086655086941,-0.03398194909095764
0,0.02168628360543932,0.14601339612688338,-0.025704484432935715
0,-0.07667716294527054,-0.05886954516172409,-0.09935712001540443
0,-0.03154580295085907,-0.02420717477798462,-0.07969202597935994
0,0.027117852460254322,-0.021387662399898876,-0.11365587916225195
0,0.0328534409403801,0.026070916652679445,-0.084750622138381
0,-0.016571156003258446,-0.10882635143670169,0.008009709417819977
0,-0.029809304646083286,0.06521296075412206,0.11635993208203997
0,-0.03500404741082873,0.04851575408663068,-0.02201184630393982
0,-0.05594015637269387,0.0010557610255021316,0.01706573137870202
0,0.004486153523127238,-0.12089922941393322,-0.07973348051309585
0,-0.06455910631588527,0.012117620025362288,0.008879678116904365
0,-0.05884084965174015,0.02849183862025921,-0.005366384983062744
0,-0.020227398723363876,0.013861045241355896,-0.03568772673606872
0,0.01703626662492752,-0.005293503403663635,-0.07909375429153442
0,-0.03665398955345154,-0.032855330407619475,-0.06821483820676803
0,0.020285858048333064,-0.03110981484254201,0.03040570562536066
0,0.010086572170257569,-0.06512446478009223,-0.0015770941972732544
0,-0.0354397676885128,0.0876677930355072,0.08441326022148132
0,-0.023023861532027904,0.0018590780404897837,-0.04232582449913025
0,0.04604531912242665,-0.03154650330543518,-0.014599260161904729
0,-0.025473047907535847,-0.007263564146482027,0.017840354641278585
0,-0.09300438190499942,-0.060761277874310814,-0.18290189068232263
0,0.014353519678115845,-0.023335039615631104,-0.016566898673772812
0,6.477534770965576E-4,0.0621100129051642,0.01583599471128904
0,-0.04671289192305671,-0.04361931482950846,0.01293909251689911
0,0.009651988744735718,0.009796181959765298,-0.06333766712082757
0,0.09327672015536916,-0.005660382184115323,1.642846248366616E-4
0,-0.0945575733979543,-0.022735791901747387,-0.06222452436174665
0,-0.11263986925284068,0.06832431256771088,-0.06429803681870301
0,-0.07796335746260251,-0.041907445472829485,0.11170138170321782
0,0.047026527424653373,0.04363140629397498,-0.0413427896797657
0,0.02622453040546841,0.02693603767289056,-0.04474446448412808
0,-0.03552155941724777,0.0025179002966199604,-0.006603446106115977
0,-0.08935134972517307,-0.06775745405600621,-0.06842450903994697
0,-0.025997492400082676,0.03983761776577343,0.0780188576741652
0,-0.076109129935503,-0.04802160430699587,0.020647575457890827
0,0.050944299437105656,0.010404684580862522,-0.04062483226880431
0,-0.05252739911278089,0.03787148495515188,-0.01625323983339163
0,0.012618329375982285,-0.07229523631659421,0.026407230358857375
0,0.025499382615089418,-0.09477987810969353,-0.03630993111679951
0,0.047927286475896835,-0.01207072101533413,-0.017624475061893463
0,-0.06701691117551592,-0.03303684542576472,-0.005134083054683826
0,0.04893380976640261,-0.12255176099447104,-0.026072441385342524
0,-0.10722603648900986,-0.0022044535726308823,0.050031404942274094
0,-0.025416780044050777,-0.040483996710356546,-0.009613926796352161
0,-0.0618736224869887,-0.07293873354792595,-0.05209904536604881
0,-0.0049190521240234375,-0.08014461304992437,-0.08654779382050037
0,-0.0013118187586466472,-0.015622893969217936,-0.06835005184014638
0,-0.012899614870548248,0.02134987711906433,0.061009150743484494
0,-0.02306387883921464,-0.0672709255789717,-0.06033415404649881
0,-0.050468785067399345,0.022123727947473526,-0.09503851724522454
0,-0.08822048176079988,-0.026958176866173744,-0.04209710199099321
0,0.17685392498970032,0.03182482719421387,-0.02982160449028015
0,-0.027199922395604,-0.05168450730187552,-0.010778140742331743
0,-0.007881260787447294,-0.008751798421144485,0.03262845426797867
0,0.014836182817816734,-0.13106037490069866,-0.09525806456804276
0,-0.06720618690763201,-0.12240282765456609,-0.03500355614556207
0,-0.05144598335027695,0.04559329152107239,0.0628941535949707
0,0.009907053952867334,0.07781922190704128,-0.012048421427607536
0,-0.003425012653072675,-0.057413483038544655,0.018016170996886034
0,-0.11958170885389502,-0.09525729885155504,-0.03112806723668025
0,-0.009345263242721558,-0.10521490126848221,-0.048138116796811424
0,-0.032816778123378756,0.03354593217372894,-0.0026967064900831742
0,-0.056996586647900666,0.003540251742709767,0.011919195001775568
0,0.02487250417470932,-0.1581619530916214,-0.00978722795844078
0,0.09218970366886683,-0.02660148697240012,-0.014764862401144845
0,0.11150929060849277,0.06884097511118109,-0.026041240741809208
0,-0.10540573795636494,-0.24088637282450995,-0.16056669255097708
0,-0.013116406069861518,-0.052677912844551936,-0.013361329382116144
0,-0.27807481586933136,-0.05572277866303921,-0.09372484932343166
0,0.02920301556587219,-0.0330406924088796,0.017354526063975168
0,0.024705517177398387,-0.029462450971970193,-0.02296023300060859
0,-0.05997731536626816,0.0389696329832077,0.09620316624641419
0,-0.010701815783977508,0.023206517845392228,-0.03347845849665729
0,3.1651421026750046E-4,-0.12263804470950906,-0.10126019765933354
0,-0.03520230352878571,-0.05167530030012131,-0.07389665767550468
0,-0.013878133680139269,0.04510246536561421,0.011458453323159899
0,-0.057771358639001846,-0.02426072210073471,-0.004549846053123474
0,0.09424724678198497,-0.07362306242187817,-0.060097720474004745
0,0.043213218450546265,0.09379881123701732,0.07701174542307854
0,-0.0665337507213865,-0.02411660019840513,0.0934302636555263
0,-0.002154305577278137,-0.043873567932418416,0.07501326203346252
0,-0.09604800492525101,0.08857858722860162,-0.05248021198944612
0,0.013948487916163035,0.053662395903042386,0.012892724946141243
0,0.018566720760785617,0.030436390867600076,0.013868270175797599
0,-0.1510632261633873,-0.11150288581848145,-0.026859836144880814
0,-0.07737657194957137,-0.026361831231042743,-0.021689404034987092
0,-0.026491359621286393,0.02898354157805443,0.021602952480316163
0,-0.06162325541178385,-0.021972970830069646,-0.053127638250589374
0,0.02628566821416219,-0.014333423640992906,0.01994519763522678
0,-0.02824358961411885,-0.012157719050134932,-0.004315552966935294
0,0.00951734185218811,-0.09872149427731831,-0.09846330540520805
0,0.023721199144016613,-0.06414730169556358,0.0046392002931007975
0,-0.057307854294776917,0.03972208499908447,-0.029167447771344866
0,-0.04387148221333822,-0.01943885286649068,-0.04972913861274719
0,0.0028829050064086916,-0.016560272425413133,0.09081917771926293
0,-0.024199485778808594,-0.016412938183004207,0.05546796570221583
0,0.03313047024938795,-0.01893558560146226,0.0119916670024395
0,0.09135942373956953,0.012524023652076721,-0.027947451919317245
0,0.05911517685109919,-0.13399736989628186,-0.03443961522795937
0,-2.1654367446899414E-4,-0.10945240904887517,0.06096625824769338
0,0.030259493451852065,0.03976734784933237,-0.04530846575895945
0,0.0026198774576187134,0.01570646677698408,0.027710016816854477
0,-0.015828475694764744,-0.14652619036761197,-0.026793941531492317
0,-0.01985315717756748,-0.017570304125547408,0.05501385033130646
0,-0.09460141994059086,-0.11997946724295616,-0.03331097960472107
0,-0.014598783519532945,-1.6741247640715705E-4,-2.302052453160286E-4
0,0.04010264575481415,0.020348420739173888,-0.03703688979148865
0,-0.05282171666622162,-0.019984710216522216,-0.030330353416502476
0,-0.013520161621272564,0.09204228594899178,-0.07458607355753581
0,-0.06397402452097999,0.012859162357118394,-0.04879202917218208
0,0.09195833710523751,-0.012206035737807933,-0.12508864062173025
0,-0.07606163527816534,0.005339352414011955,-0.09029235504567623
0,-0.04370012027876718,-0.040029553430421014,-0.16243592277169228
0,0.030637374946049283,-0.1558970319373267,0.03705562154452006
0,-0.043231851886957884,-0.006055720150470734,-0.08116440325975419
0,0.03422236868313381,-0.024144129561526433,-0.104946757433936
0,0.003270513564348221,0.046513324975967406,0.10755709897388112
0,-0.015062329173088074,-0.05648757293820381,0.004757082462310791
0,0.06894404121807643,0.026273972753967558,0.023559054359793663
0,-0.012330727143721147,0.024167753078720787,0.012250618292735172
0,0.08997037013371785,-0.15359109308984545,-0.004263705677456326
0,0.01454727617757661,-0.030850937323910848,-0.0190001018345356
0,0.0,0.0,-0.15707805752754211
0,-0.07226842482175146,-0.07162841223180294,0.0305925440043211
0,-0.021740615367889404,0.0905352873461587,0.018384456634521484
0,0.025802865624427795,0.06723429475511823,-0.018245486542582512
0,-0.03307906869384977,-0.04763001369105445,-0.007116456826527913
0,-0.007236728849618331,-0.03581363464827123,-0.008844915001342693
0,-0.1238037882880731,-0.08123875748027455,0.0022470784875062797
0,-0.06966774240136146,0.004227197170257569,-0.11785037138245323
0,0.018728095665574075,0.01705119535326958,-0.032608995027840135
0,-0.08328521251678467,0.05742046236991882,0.04925965517759323
0,0.021709179505705833,-0.055643501381079354,-0.017903355260690052
0,-0.014454164852698645,-0.013988776132464409,-0.047932421358732075
0,-0.026180505752563477,-0.03298202984862857,0.011339090087197044
0,0.1320960819721222,0.02546783536672592,0.030515114466349285
0,-0.008074436088403065,-0.032570453733205794,0.030251804987589517
0,-0.06962457112967968,-0.03288283944129944,-0.0703030820004642
0,-0.05655161929982049,-0.0014910825661250523,-0.013345978089741297
0,0.0958208292722702,0.022625435143709183,-0.04835110902786255
0,0.030683280527591707,-0.014269978739321232,0.04146455299286615
0,0.0026029710258756366,-0.08480003050395421,-0.14878700207918882
0,0.0013954973704106098,-0.04053634244042474,-0.01577327380839147
0,-0.06272367523475127,-0.040090771222656425,-0.04633208306936117
0,-0.0234241746366024,-0.01379978284239769,0.09089643955230713
0,0.011387899518013,-0.08720299122588974,-0.039692422747612
0,-0.002041403204202652,0.024389177560806274,-0.07146674974097146
0,-0.05587102898529598,-0.06903080589004926,0.015553982928395271
0,0.018197780847549437,-0.14974476844072343,0.03884802460670471
0,-0.03175542290721621,-0.025452013526644026,-0.04074595123529434
0,0.0074975623024834525,-0.019379133979479473,-0.07563743107020855
0,-0.006948068737983704,-0.05526520098958697,-0.06917919032275677
0,-0.03789711594581604,-7.282465696334839E-4,-0.0237255334854126
0,-0.05851853745324271,-0.04435994156769344,0.004005846700498036
0,0.009686226397752762,0.06089247465133667,-0.04978120078643163
0,-0.08105164567629496,0.0011855791012446086,-0.05342724756337702
0,-0.030615281600218553,0.013581234102065746,0.019293702565706693
0,0.0497593879699707,-0.08692354261875153,-0.03665751005922045
0,0.024280512562164895,0.019820995055712186,0.030511635541915893
0,-0.04289358747856958,-0.10435352368014199,-0.023727887443133762
0,0.0016554661772467873,-0.09368615021759813,-0.032107386738061905
0,0.08847216268380483,-0.0860357644657294,0.0471901074051857
0,-0.06734784858094321,0.058644632498423256,0.03833609548482028
0,-0.03161687084606716,-0.06553030971969877,-0.06375614873000554
0,-0.010580736398696899,-0.053400610387325284,0.09618213230913336
0,-0.03748077579907009,0.05309640083994184,0.041799090802669525
0,-0.01742609217762947,0.020056634520490963,-0.02828160157570472
0,0.005770371192031437,0.06599697470664978,0.03363509397757681
0,-0.046854408700828964,-0.021421361228694088,-0.0597155622166136
0,-0.061350523070855575,-0.08287435092709282,-0.013319045305252075
0,0.04766842084271567,-0.03479682547705514,-0.03748184740543366
0,-0.11533329387505849,-0.05436722934246063,-0.16522437520325184
0,-8.318871259689331E-4,0.0882871640580041,-0.020354419946670532
0,-0.07008456438779831,-0.09748597163707018,-0.07617858052253723
0,0.032824933528900146,0.03572404384613037,0.16295801103115082
0,0.03123607113957405,0.021650364622473717,-0.04411299361122979
0,0.08440513057368142,0.02603000615324293,0.062449270486831666
0,-0.023044563152573326,0.00806688517332077,-0.04230854660272598
0,-0.08492118095358213,0.010907971858978271,0.031834479173024496
0,0.13682931661605835,0.15734323859214783,0.14904210964838663
0,0.029440830151240032,-0.08303359926988681,0.032126589463307306
0,-0.003190120061238607,-0.06773186888959673,0.07690039442645179
0,-0.025618377327919006,-0.04020881652832031,-0.048042188652537086
0,-0.013293425951685225,-0.001579227192061288,0.030710760752360025
0,0.028170232261930193,-0.03451615891286305,-0.026487934092680614
0,-0.08328835801644759,-0.0010325099256905642,-0.012319436539774355
0,-0.018025971949100494,-0.021496810019016266,0.06743043065071105
0,-0.05380293975273768,0.018177735308806103,0.056057666356746964
0,-0.08688578043471683,-0.05434607138687914,0.007967575029893354
0,-0.09311419725418091,0.025510519742965698,0.02393229305744171
0,0.026776839047670364,-0.06152756201724211,-0.018813473482926685
0,0.007055447860197587,-0.07131260227073323,0.03054640238935297
0,0.03898342166628156,-0.1193409902708871,0.05277918066297259
0,0.00725389023621877,0.09545659025510152,0.10590306917826335
0,-0.062180425971746445,0.06825720518827438,-0.06852138787508011
0,0.022863816331934045,-0.011566815552888092,-0.032883531517452665
0,-0.026583895087242126,-0.10240790744622548,0.01082593947649002
0,0.021310205642993633,-0.020613820793536995,-0.019209065116368808
0,0.043201168378194175,0.008463223775227865,-0.10687339926759402
0,0.04832276701927185,0.003924481570720673,0.07635316252708435
0,-0.033095126350720726,0.020046393076578777,-0.09538105378548305
0,-0.03257595654577017,0.020920149981975555,-0.004242122173309326
0,-0.05200435469547907,0.017425477504730225,-0.014036301523447037
0,0.013630901547995481,0.018314881758256393,-0.04053657788496751
0,0.029638253152370453,0.0535646416246891,-0.009820085763931275
0,-0.060021836310625076,-0.11245698109269142,-0.12084591057565477
0,0.0034391035636266074,0.035722298754586115,-2.8019547462463377E-4
0,-0.016328504681587218,-0.07184527218341827,-6.262287497520447E-4
0,-0.0038453929481052215,-0.010888426076798212,0.03364638510075482
0,-0.020939418011241488,-0.08186914689011043,-0.06801649183034897
0,-0.09640136361122131,-0.01337811474998792,0.03949408667782942
0,0.007857154716144909,-0.05548507787964561,0.006980910897254944
0,-0.12603770494461058,-0.0646856427192688,0.04709600444350924
0,-0.004943443462252617,0.013811904191970825,-0.10120879539421626
0,-0.05408049436906973,0.08594717582066853,-0.006257474422454834
0,-0.0323732928796248,-0.05341488258405165,-0.05303049116180493
0,-0.04107322668035825,-0.08868776634335518,0.04790062705675761
0,-0.1331004159791129,-0.028089570147650584,-0.012505540624260902
0,0.03797372099426058,0.021858182218339708,0.03879664341608683
0,-0.24578950107097625,0.03443463444709778,-0.04396295050779978
0,-0.08290782943367958,0.043849235773086546,0.038799669061388285
0,-0.037242330610752106,-0.02069268375635147,5.061566829681396E-4
0,-0.03897994011640549,-0.014384413758913675,0.0028053559362888336
0,-0.07147224508225918,-0.04310107156634331,0.012906590104103088
0,0.003920922676722209,-0.06908448984225592,-0.05300658722134197
0,-0.027034525759518147,0.018436411395668983,0.014266690446270837
0,0.02233486090387617,0.022291979619434903,-0.0744546264410019
0,-0.047779208049178123,-0.23194872587919235,-0.16151230931282043
0,-0.05786152536931791,-0.04398503625079205,-0.022416153236439352
0,0.005211598343319363,0.035055032206906214,-0.05832429395781623
0,-0.04967357619450642,-0.10647132591559337,0.04681995281806359
0,-0.0466507018233339,-0.06804255271951358,-0.07123957255056926
0,-0.09027078747749329,-0.06161204973856608,-0.09281956851482391
0,0.05126589867803785,0.003804839319652981,-1.0648776184428822E-4
0,-0.012997814350657992,-0.009470969438552856,0.03609229624271393
0,-0.014968624009805568,-0.0777914186610895,-0.021370181519734233
0,-0.00981409102678299,0.05757119506597519,0.08208716412385304
0,0.01838262379169464,-0.07690134085714817,-0.02985244244337082
0,-0.07392467930912971,-0.04051385968923569,0.02268595000108083
0,-0.04212757441050866,-0.016078625750892302,-0.042647213054200016
0,0.029571898854695834,-0.06129322888759466,-0.010532512114598202
0,0.026954523722330728,-0.04984657491246859,-0.011230431497097015
0,-0.035604159621631395,0.02594688447082744,-0.029358259018729713
0,-0.06291719153523445,-0.0960511863231659,0.08521571755409241
0,0.0020574082930882773,-0.03810644646485647,0.008916248877843222
0,-0.06836151145398617,-0.013889476656913757,0.024580332967970107
0,-0.02296670206955501,-0.004695932779993329,-0.028819341460863748
0,-0.025894699990749358,0.01650871932506561,0.049031680822372435
0,-0.2327076941728592,-0.02840348705649376,-0.024156949586338468
0,0.03963362673918406,-0.04567300404111544,0.006342376271883647
0,-0.02673807293176651,0.054918143153190616,0.07845237851142883
0,-0.07251328442777906,0.01720399586927323,-0.045795362781394615
0,-0.03442820862812154,0.04049644487745622,-0.006562493120630582
0,-0.01034063582911211,-0.01777506575864904,0.012281388828628942
0,0.018165084448727695,0.03422001817009666,-0.11284030838446184
0,0.00912569323554635,-0.01475486159324646,-0.021465794648975134
0,-0.013789806514978409,0.11274269595742226,-0.07719136029481888
0,-0.088810870423913,-0.052451367024332285,-0.0717399256194339
0,-0.011203271647294363,-0.05099306835068597,0.033035690134221855
0,-0.010631111535159025,-0.012959362431005999,0.04648928592602412
0,0.10274045169353485,-0.3270043432712555,0.029364824295043945
0,0.020538474504764263,0.033113280741068035,0.037093595816538885
0,0.001179159184296926,-0.1438336968421936,-0.05094906662901243
0,-0.05384551665999673,-0.03721174733205275,0.13275773958726364
0,-0.006425180605479649,0.004580250808170864,0.0014173218182155064
0,-0.05934235288037194,-0.02022716071870592,-0.0765447285440233
0,-0.13512400289376578,0.0033345669507980347,-0.003847569227218628
0,-0.10511246855769839,-0.004481647695813861,-0.024169698357582092
0,-8.05702805519104E-4,0.005563761293888092,0.01770258943239848
0,-0.03004627674818039,-0.06116400526038238,0.0746044451991717
0,-0.043943510908219546,-0.04534088199337324,0.0017285801862415514
0,-0.03138396516442299,0.026743878424167634,0.048825277388095854
0,-0.07796335746260251,-0.041907445472829485,0.11170138170321782
0,-0.07003704210122426,-1.6327699025472006E-4,-0.06666598096489906
0,0.0379866398870945,0.04062339663505554,-0.006106047332286835
0,0.04694031856276772,0.031012529676610775,0.059163890101692894
0,0.005364823672506545,-0.03784430358144972,0.020639058947563172
0,0.036409906365654686,-0.009711386127905413,0.029722517186945133
0,-0.09856705201996697,-0.10837918354405297,0.05603243410587311
0,0.03518626466393471,0.016830917447805405,-0.013862039893865585
0,-0.016495704650878906,-0.07758887112140656,-0.08186470634407467
0,0.12164884805679321,0.056516267359256744,-0.09482576549053193
0,-0.08513928204774857,-0.11302054971456528,0.0639642860208239
0,-0.027468447174344744,-0.024182615535599843,-0.10142669174820185
0,-0.029179416596889496,-0.0266499434198652,-0.021814685314893723
0,0.009027907722874692,0.0307709370788775,0.02962194085121155
0,-0.05333171784877777,-0.01126421013703713,0.05059620539347331
0,-0.06460411349932353,0.16317554314931235,-0.04921193917592367
0,0.015467965768443214,-0.055833331412739225,-0.1466311655110783
0,0.02179093062877655,0.046983131766319276,-0.029556223750114442
0,0.04552336037158966,0.07088194290796916,0.008912797485079085
0,0.006928503513336182,-0.022448000999597404,-0.017811148785627805
0,-0.03222030468962409,-0.04663302546197718,-0.025439452703880226
0,-0.04482591458979775,-0.008854609201936162,0.057126839371288526
0,-5.184710025787354E-4,0.04234554370244344,-0.027259327471256256
0,-0.07856696844100952,0.11046821475028992,0.013945298535483224
0,-0.02520669996738434,8.795534571011862E-4,-0.013207273987623362
0,-0.06991324506022713,-0.039313297380100594,-0.05642492610674638
0,-0.04329903589354621,-0.05362800425953335,-0.04330423027276993
0,0.016260830064614613,0.014941998653941684,-0.06235987144081216
0,-0.011194820702075958,-0.002290678024291992,0.006251725283536044
0,-0.05869522028499179,-0.020281149281395808,-0.03173138810829683
0,0.01178629199663798,-0.027755551040172577,-0.004890248489876588
0,0.13558345139026642,0.04553177058696747,-0.029099197685718538
0,-0.048964248171874454,-0.055950362235307693,0.009288283064961433
0,-0.07862895478804906,0.015962267915407818,-0.11030120588839054
0,-0.030177763917229393,-0.03117671067064459,-0.030177763917229393
0,0.015009893973668417,0.030640282233556113,-0.10477749537676573
0,0.014047842472791672,0.09644248709082603,0.048004474904802114
0,0.10196767561137676,0.117160614579916,-0.06431268155574799
0,-0.09008653834462166,0.06744733452796936,0.025039398670196535
0,-0.05355845557318793,-0.0816891234782007,-0.07660728842020034
0,-0.023410098006327946,-0.04954289843638738,-0.06031383480876684
0,0.03048300955976759,-0.0021493839366095407,-0.008917693297068279
0,-0.016721758246421813,-0.039267615973949434,-0.047218828151623406
0,0.039537115229500666,-0.08850563565889995,-0.045982254296541215
0,0.00894474983215332,-0.018421380056275263,-0.02088112858208743
0,0.03945551812648773,-0.09598594456911087,0.0672614574432373
0,-0.12528006434440614,-0.017888005077838897,-0.019685375690460204
0,0.06863125662008922,0.008728350202242533,-0.03383483241001765
0,0.025064915418624878,-0.023665875610378053,-0.017746034264564513
0,0.048935915742601664,-0.0270001334803445,-0.021115753799676895
0,0.01824257572491964,-0.045513614018758135,-0.08165398634531919
0,0.00376565588845147,-0.08730386280351216,-0.06018838489597494
0,-0.09909906387329101,-0.1155249297618866,-0.2561836161961158
0,0.07810932066705492,-0.056942425668239594,0.01794008372558488
0,-0.04355804486708208,-0.03020884570750323,0.02683864285548528
0,-0.006376290321350097,-0.13026409993569057,0.017453714328653672
0,-0.03454742497868008,0.004267593224843343,0.03450742959976196
0,0.012183060248692831,0.00873518039782842,0.040250164456665516
0,0.02616272121667862,0.09024324454367161,0.004713886727889379
0,0.004383832216262817,-0.040958362817764285,-0.11423968616873026
0,0.0014276862144470214,-0.10098741948604584,-0.044248642665999274
0,0.033558108589865944,0.04845994169061834,-0.03475881740450859
0,0.05760027468204498,-0.0645088568329811,-0.0025521963834762573
0,-0.08209372808535893,-0.022507768434782822,5.665591784885951E-4
0,-0.02048429101705551,-0.024619001895189285,0.0027020820416510105
0,0.017507005482912064,-0.033993177115917206,0.04733049273490906
0,-0.04398593968815274,0.032296198937628,0.011859322587649027
0,-0.0050428397953510284,0.05093650221824646,0.06287571245973761
0,-0.00926275338445391,-0.017820626497268677,0.049757182598114014
0,-0.037352874875068665,0.046296966075897214,-0.003716876730322838
0,-0.06570025427000863,-0.021848269871303012,0.08625395596027374
0,-0.016850555484945125,-0.0360369242050431,0.04458395459435203
0,0.03061152696609497,-0.04789325147867203,-0.09385079145431519
0,-0.09201602389415105,-0.002641585965951284,0.037766256502696445
0,0.008823136133807046,0.020267699445996965,-0.006147173047065735
0,0.07527911994192335,0.052535951137542725,-0.038989820940928024
0,-0.031721419821947046,0.005367739269366631,-0.03692962382084284
0,-0.09417988881468772,-0.03584066033363342,-0.03062152924637
0,0.04999786073511297,0.05318282138217579,0.10357803377238187
0,0.0945624753832817,0.0323821522295475,0.11090866973002751
0,-0.06620363599580267,-0.019134844774785248,-0.02993208558663078
0,-0.018471186359723408,-0.18903688217202821,7.643153270085653E-4
0,-0.11579795678456624,-0.013418634732564291,0.024872041665590726
0,-0.0545789860188961,-0.0657911617308855,0.04167685322463512
0,-0.023523345589637756,-0.048622374733289085,0.06993101750101362
0,-0.04603290983608791,0.06261157989501953,-0.10462838245762719
0,0.024469200521707535,0.01650954596698284,0.036625092228253685
0,0.048670440912246704,-0.01958465725183487,0.005144019018520008
0,-0.029869804588647988,-0.032828604945769675,-0.0439710154065064
0,-0.022773456005823044,-0.06524100509427842,0.034182433377612724
0,0.022031511251743022,0.011906041548802303,0.006448281785616508
0,0.03835684486797878,-0.042886300810745785,-0.0016781240701675415
0,0.026297966639200848,-0.19102873115075958,-0.008774051070213318
0,-0.04025274244221774,-0.04462604292414405,-0.014749764041467146
0,0.05249519273638725,0.012958820909261703,-0.01759619845284356
0,-0.043267459741660526,-0.12267719422067914,-0.08525868554910024
0,-0.14522045637880052,-0.01594359108379909,-0.050495113246142864
0,-0.017965673335960934,0.025115142443350384,-0.0289336804832731
0,-0.012018995359539986,-0.11735594272613525,-3.1353533267974854E-4
0,-0.03943031544194502,0.020296968081418204,-0.011533714003033109
0,-0.12112216167151928,-0.06464859694242478,-0.037141078462203346
0,-0.19236149300228467,-0.10036379302089865,-0.0038912078508963953
0,-0.04763282755655902,-0.03051147290638515,-0.03657074322303136
0,0.0703412549836295,0.03637244871684483,-0.053976208964983625
0,6.542237181412547E-5,3.6936684658652857E-4,0.04096895456314087
0,0.06422500197704022,-0.047218300975286044,-0.02602833112080892
0,0.0016632567752491343,-0.022604820403185757,0.009134866974570534
0,-0.028981038928031923,0.038349321484565733,-0.0123768611387773
0,0.04166575272878011,0.05351330836613973,0.03614841614450727
0,-0.06027518785916842,-0.013733249444227952,-0.11980026240150134
0,-0.09471683303515116,-0.0601005623737971,-0.01008897099424811
0,0.04044616493311795,-0.08765209771015427,0.03470659485230079
0,-0.03129745721817016,-0.07080249140659968,-0.049041504661242165
0,0.007107403543260362,0.04742083615726895,0.12363222241401672
0,-0.011209068354219198,-0.03816539701074362,-0.09085336606949568
0,0.06615623235702514,-0.041879380494356154,-0.07422295274833839
0,-0.059350736047092234,0.010317633026524595,0.034766581086885365
0,-0.06701576603310448,-0.06577868387103081,-0.02827139894167582
0,-0.04170930220021142,-0.041002427538235985,0.014757874608039855
0,-0.061123060435056685,-0.03500768691301346,-0.0019801529971036043
0,-0.04030341761452811,-0.06141998086656843,-0.03628466138616204
0,-0.039439334999769926,-0.05431074928492308,-0.02592530929379993
0,-0.03601847216486931,0.022433243691921234,0.04862827956676483
0,-0.04435461759567261,-0.24588551372289658,-0.011133044958114624
0,0.026460997760295868,-0.06779676815494895,-0.1224392531439662
0,-0.03252077599366506,0.001607582966486613,0.013045250438153744
0,-0.07363720921178658,-0.03157842283447584,0.06492594381173451
0,0.016261945168177288,-0.045974468191464744,-0.08434464037418365
0,0.0219828262925148,0.02877071996529897,0.02154838542143504
0,0.023798503809505038,-0.006930996974309285,-0.060266397216103294
0,-0.051795486360788345,-0.052833037450909615,-0.05712935626506806
0,-0.02752954193523952,-0.06879452137010438,0.08463422854741415
0,-0.004853461797420795,-0.00134486762376932,0.008746221661567688
0,0.011164331010409765,0.051740016256059916,0.03262976184487343
0,-0.162463373371533,0.011636687176568168,-0.13591992110013962
0,0.02052380783217294,0.02976224252155849,0.06941140443086624
0,0.05705507596333822,0.04691226780414581,0.027039219935735066
0,-0.050756990909576416,0.004380062222480774,-0.008220121264457703
0,-0.070390123128891,-0.07931661307811737,0.08182966113090515
0,0.05525870621204376,-0.10192429572343827,-0.013267485932870344
0,0.03909423450628916,0.021416395902633667,0.003817062292780195
0,0.028034379084904987,-0.010013477255900701,0.015428234751407918
0,-0.00958443284034729,0.006932900846004486,0.051773528754711154
0,-0.036315140040481794,-0.0038862940581405863,-9.375349101093081E-4
0,0.01253756582736969,0.007525131106376648,0.050863584876060484
0,-0.026956073939800262,0.12283911556005478,0.05445044040679932
0,-0.12424907833337784,-0.11607906843225162,-0.10620968540509541
0,-0.05779802240431309,0.0027384571731090546,0.03200192153453827
0,-0.08893964067101479,-0.018223930150270462,0.09652125835418701
0,0.024754754521630028,0.05501838434826244,-0.05859850657482942
0,0.02694339624473027,0.033650994300842285,-0.02289029128021664
0,-0.01188988376546789,-0.039869941771030426,-0.06494221532786335
0,0.01699992176145315,0.017843637615442276,-0.09062553776635064
0,-0.13964669778943062,-0.14778101444244385,-0.04929853230714798
0,0.027581602334976196,0.009959112852811813,0.039357196953561574
0,0.02748278362883462,0.057403191924095154,-0.006027755886316299
0,-0.0944634633404868,-0.02303055567400796,0.02872541919350624
0,-0.03532491202155749,-0.08782013927896817,-0.02111956477165222
0,-0.005331313610076905,0.08727192878723145,-0.06139194539615086
0,0.009835423529148101,-0.0074486322700977325,0.034886103868484494
0,0.027460621462927923,-0.042643315262264676,0.06582631766796113
0,-0.014264625310897828,0.017060032486915587,-0.034225070476531984
0,-0.0780958922372924,0.033994962771733604,0.03882999883757697
0,-0.0799133727947871,-0.025424614548683167,0.02950302842590544
0,-0.02590277873807483,0.025320653286245134,-0.018911103904247283
0,-0.01961567501227061,0.03387929002443949,-0.05840976039568583
0,-0.006002819538116455,-0.03893670737743378,0.03782733157277107
0,0.02947668433189392,0.00256054550409317,-0.014139730172852675
0,-0.01979415946536594,-0.06248696313963996,0.003932768106460571
0,-0.011353835463523865,0.010854142904281616,0.014059248566627502
0,-0.008980857332547505,-0.07804614702860514,0.04869463108479977
0,0.08400689959526061,-0.04961927086114883,0.019889553387959797
0,0.018784922361373902,0.03291233777999878,0.13179099559783936
0,-0.06842579916119576,-0.12329049780964851,-0.050148298218846324
0,-0.00900682806968689,0.0027042527993520102,-0.030609941482543944
0,0.0017624907195568085,-0.008573735132813454,0.07132374942302704
0,-0.08403441270715312,-0.038751730793400815,-0.048703736253082754
0,-0.05730510130524635,-0.03417475149035454,-0.15351866744458675
0,-0.057000260513562426,9.482457087590144E-4,-0.03074528821385824
0,0.05581234022974968,0.02833016961812973,-0.1038408786058426
0,0.023243587050173018,-0.0853955199321111,0.044390523433685304
0,0.020957283675670624,6.544105708599091E-4,-0.10219159060054356
0,-0.06548579881588618,-0.014222829043865204,2.689098610597498E-4
0,0.034664735198020935,0.015210846066474914,0.017128371944030125
0,-0.1127820291689464,-0.07106445516858782,-0.22803799169404165
0,-0.09945498406887054,-0.08317506106363402,0.009501780569553375
0,-0.0092469545511099,-0.10997144476725505,-0.012586268782615661
0,-0.08947762598594029,-0.04358299573262533,0.11707989498972893
0,-0.042573727170626324,-0.02093810240427653,-0.0069611091166734695
0,0.03922574336712177,0.014392295709023109,0.06037603212254388
0,0.09011935442686081,0.032265422865748405,0.018169082701206207
0,0.025299231211344402,0.0887144688102934,0.030833257656348378
0,-0.052076733456208155,-0.013448669360234188,0.007947346993855067
0,0.01721508915607746,-0.055378783780794874,-0.017936529715855916
0,-0.06474935902016503,-0.015145632837499892,-0.06906229919857448
0,-0.08518206924200059,-0.04383344054222107,-0.0024612993001937866
