0,0.0,0.029999999329447746
1,0.6895000040531158,0.0
0,0.0,0.08900000154972076
1,0.8569999933242798,0.0
0,0.7979999780654907,0.028999999165534973
0,0.0,-0.7409999966621399
0,-0.47600001096725464,-0.054999999701976776
1,0.45299999602138996,0.0
1,0.3343333254257838,0.0
0,-0.4342499980702996,0.23600000143051147
1,0.8830000162124634,0.0
0,-0.07699999585747719,0.0
1,-0.20900000631809235,0.7739999890327454
0,0.0,-0.04800000041723251
1,0.8830000162124634,0.0
0,0.0,0.08900000154972076
0,0.0,-0.8330000042915344
1,0.0,0.07100000232458115
0,-0.8029999732971191,0.0
1,0.1080000028014183,0.19599999487400055
0,0.0,0.06199999898672104
1,0.1289999932050705,0.1289999932050705
0,0.13699999451637268,-0.061000000685453415
0,0.0,0.07199999690055847
0,0.0,-0.11299999803304672
0,-0.7214999794960022,0.07100000232458115
1,0.06599999591708183,0.0
0,0.0,0.13600000739097595
0,0.0,0.03099999949336052
1,0.0,0.10899999737739563
0,0.0,0.8330000042915344
1,0.0,0.13600000739097595
1,0.49399999529123306,0.0
0,-0.6660000085830688,0.0
1,0.6742499992251396,0.0
0,0.0,-0.3370000123977661
1,0.164000004529953,0.10599999874830246
0,0.0,0.03200000151991844
1,0.0,0.024000000208616257
1,0.0,-0.8529999852180481
0,0.9259999990463257,0.06199999898672104
0,0.0,0.14300000667572021
1,0.0,0.10899999737739563
0,0.0,-0.9330000281333923
0,-0.052000001072883606,-0.07800000160932541
1,0.8830000162124634,-0.10899999737739563
1,0.3219999931752682,0.0
1,0.02200000174343586,0.0
1,0.0,0.6669999957084656
1,0.04249999858438969,0.0
1,0.8569999933242798,-0.02500000037252903
1,0.17350000329315662,0.38600000739097595
0,-0.367000013589859,0.0
0,0.0,-0.26899999380111694
1,0.28966666261355084,0.7739999890327454
1,0.4729999974370003,0.10899999737739563
0,0.03700000047683716,0.0
0,0.16300000250339508,0.11299999803304672
0,-0.31449998542666435,0.032999999821186066
0,0.0,-0.23499999940395355
1,0.2529999911785126,-0.6899999976158142
1,0.8569999933242798,0.0
0,0.35499998927116394,0.0
1,0.8569999933242798,0.0
1,0.164000004529953,-0.035999998450279236
1,0.1469999998807907,0.0
1,0.0,0.6669999957084656
0,0.0,-0.06199999898672104
1,0.14550000429153442,0.0
1,0.054999999701976776,0.6669999957084656
0,0.0,0.07800000160932541
1,0.0,-0.6899999976158142
0,0.8830000162124634,0.0
1,0.16599999368190765,0.09200000017881393
0,0.8569999933242798,-0.035999998450279236
1,0.26899999380111694,0.07100000232458115
1,0.8569999933242798,0.0
0,-0.38199999928474426,0.0
1,0.4959999918937683,0.0
0,0.0,0.210999995470047
1,-0.05299999937415123,0.10899999737739563
1,0.8569999933242798,0.0
0,0.0,0.6880000233650208
0,0.0,-0.054999999701976776
0,0.0,0.07100000232458115
0,0.10000000149011612,-0.8149999976158142
1,0.0,-0.8149999976158142
0,0.0,-0.9330000281333923
0,0.0,0.7300000190734863
1,0.8493333458900452,0.0
0,0.1080000028014183,0.10999999940395355
1,0.04359999895095825,0.0
0,0.0689999982714653,-0.061000000685453415
1,0.0,0.6669999957084656
0,0.7139999866485596,0.16200000047683716
1,0.2724999953061342,0.04699999839067459
1,0.1103333334128062,0.0
1,0.47699999809265137,0.0
1,0.8569999933242798,0.0
1,0.18000000466903052,0.03999999910593033
0,-0.8849999904632568,0.8330000042915344
1,0.2529999911785126,0.0
1,0.09700000286102295,0.04500000178813934
0,0.023000000044703484,-0.8330000042915344
1,0.44600000977516174,0.0
1,0.8569999933242798,0.0
0,-0.367000013589859,0.0
0,0.0,-0.14300000667572021
1,-0.7289999723434448,0.31299999356269836
1,-0.11299999803304672,-0.04399999976158142
1,0.578000009059906,0.0
1,0.8569999933242798,-0.8769999742507935
0,0.0,-0.875
1,0.8830000162124634,0.0
0,0.0,-0.02500000037252903
1,0.3569999933242798,0.0
0,0.06500000134110451,0.9210000038146973
0,-0.2980000078678131,0.0
0,0.0,-0.9330000281333923
0,0.0,0.19599999487400055
1,0.4129999876022339,0.8330000042915344
0,-0.38199999928474426,0.0
0,0.0,0.7450000047683716
0,-0.47050000727176666,0.0
0,0.0,0.296999990940094
0,-0.38199999928474426,0.0
1,0.0,0.09300000220537186
1,0.7380000054836273,-0.1379999965429306
0,0.0,0.06199999898672104
1,0.07800000160932541,0.10199999809265137
1,0.14900000393390656,0.026000000536441803
1,0.5799999833106995,0.0
1,0.0,0.6669999957084656
0,-0.1589999943971634,0.07100000232458115
0,0.0,-0.05700000002980232
1,0.0,0.8330000042915344
0,0.0,-0.10899999737739563
1,0.44275000132620335,0.0
0,0.0,-0.08900000154972076
0,0.0,-0.8349999785423279
0,0.0,0.6079999804496765
0,-0.16399999894201756,0.0
1,0.8569999933242798,0.0
1,0.8569999933242798,0.0
1,0.0,0.09099999815225601
0,0.0,-0.8650000095367432
0,0.052000001072883606,0.7860000133514404
0,0.0,-0.06199999898672104
0,-0.2529999911785126,0.0
1,0.6527499938383698,0.0
0,0.0,-0.39100000262260437
0,0.0,-0.07800000160932541
1,0.8569999933242798,0.0
0,-0.17733332266410193,-0.6499999761581421
0,-0.7289999723434448,-0.23499999940395355
1,0.15049999952316284,0.0
0,0.0,-0.02500000037252903
0,-0.7929999828338623,0.0
1,0.0,0.23600000143051147
1,0.0,0.6669999957084656
0,0.0,-0.5820000171661377
0,-0.28849999606609344,0.0
1,-0.0689999982714653,0.061000000685453415
1,0.8830000162124634,0.061000000685453415
0,-0.2669999897480011,0.0
1,0.052000001072883606,0.0
0,-0.7289999723434448,0.0
1,0.824999988079071,0.0
1,0.8569999933242798,0.0
1,0.8830000162124634,0.0
0,0.0,0.10199999809265137
0,-0.7289999723434448,0.4749999940395355
0,0.0,-0.8769999742507935
1,0.8569999933242798,0.0
1,0.7879999876022339,-0.7889999747276306
1,0.09700000286102295,0.0
1,0.0,0.7739999890327454
1,0.0,0.7739999890327454
0,0.0,-0.31299999356269836
1,0.0,0.8510000109672546
0,-0.8870000243186951,0.07100000232458115
1,0.6059999912977219,0.5820000171661377
0,0.0,0.210999995470047
0,-0.9390000104904175,-0.9210000038146973
1,0.5254999846220016,0.0
1,0.35499998927116394,-0.31299999356269836
0,-0.9330000281333923,0.0
0,-0.8569999933242798,0.0
0,0.0,0.15199999511241913
0,-0.2619999945163727,0.0
0,0.10000000149011612,0.0
0,0.0,0.054999999701976776
1,0.0,0.04899999871850014
1,0.44600000977516174,0.0
1,0.5770000219345093,0.0
1,0.0,0.024000000208616257
1,0.164000004529953,0.0
1,0.4109999965876341,0.8330000042915344
0,0.0,-0.10899999737739563
0,-0.1080000028014183,0.0
0,0.0,0.13600000739097595
0,0.024000000208616257,0.0
1,0.4959999918937683,0.03400000184774399
1,0.5104999989271164,0.0
0,-0.8650000095367432,0.0
1,0.3999999910593033,-0.6899999976158142
1,0.07000000216066837,0.0
1,0.5050000101327896,0.0
1,0.0,0.6669999957084656
0,-0.03500000108033419,0.14300000667572021
0,-0.38199999928474426,0.0
0,-0.14999999850988388,0.0
1,0.7820000052452087,0.0
1,0.0,0.07100000232458115
1,0.8830000162124634,0.0
1,0.8830000162124634,0.0
0,0.0,0.14300000667572021
1,0.8569999933242798,0.0
0,0.0,0.054999999701976776
0,0.0,-0.028999999165534973
0,0.0,0.04500000178813934
1,0.04899999871850014,0.04500000178813934
0,0.0,-0.8769999742507935
1,0.8569999933242798,0.0
0,-0.5659999847412109,-0.054999999701976776
1,0.8830000162124634,0.0
1,0.13699999451637268,0.0
1,0.8830000162124634,0.0
1,0.0,0.6669999957084656
0,0.15700000524520874,0.6899999976158142
1,0.7929999828338623,0.0
1,0.373500008136034,0.8330000042915344
1,0.8569999933242798,0.0
0,0.0,-0.7739999890327454
0,-0.06499999761581421,0.0
1,0.8700000047683716,0.14499999582767487
0,0.0,-0.06199999898672104
1,0.4959999918937683,0.0
1,0.6314999908208847,-0.14000000059604645
1,0.0,0.10599999874830246
0,-0.9020000100135803,0.0
0,0.0,-0.05999999865889549
0,0.0,0.10199999809265137
1,0.8389999866485596,0.10899999737739563
1,0.0,0.6359999775886536
1,0.8830000162124634,0.0
1,0.3803333416581154,0.029999999329447746
1,0.8569999933242798,0.10999999940395355
1,0.8569999933242798,0.0
0,-0.5910000205039978,-0.5899999737739563
0,-0.027000000700354576,0.0
0,0.0,-0.26100000739097595
1,0.8830000162124634,0.8330000042915344
0,0.0,-0.2930000126361847
1,0.1469999998807907,0.5820000171661377
1,0.1080000028014183,0.0
0,-0.19849999931951365,0.029999999329447746
1,0.0,0.8330000042915344
1,0.0,-0.32100000977516174
0,0.0,-0.8529999852180481
1,0.0,0.6669999957084656
1,0.2980000078678131,0.0
0,-0.8849999904632568,0.15199999511241913
0,0.0,-0.2930000126361847
1,0.777999997138977,0.0
0,0.0,-0.03200000151991844
1,0.27800001204013824,0.0
1,0.2529999911785126,0.0
1,0.0,0.1120000034570694
1,0.4959999918937683,0.0
1,0.43550000339746475,0.0
1,0.04899999871850014,-0.7829999923706055
0,-0.7450000047683716,0.0
0,0.07500000298023224,0.210999995470047
0,-0.2619999945163727,-0.0949999988079071
1,0.04899999871850014,0.4959999918937683
0,-0.2980000078678131,0.0
1,0.8569999933242798,0.0
1,0.8569999933242798,-0.02500000037252903
0,-0.3125,0.0
1,0.46850000880658627,0.0
1,-0.5659999847412109,0.10899999737739563
0,0.0,0.08699999749660492
1,0.0,0.31299999356269836
0,-0.9390000104904175,0.0
0,0.0,0.4959999918937683
0,0.8569999933242798,0.0
0,0.04899999871850014,0.8970000147819519
1,0.0,0.2750000059604645
1,0.0,0.164000004529953
0,0.0,0.14900000393390656
1,0.375,0.07100000232458115
0,-0.13350000604987144,0.0
1,-0.8830000162124634,0.0
1,0.7789999842643738,0.0
1,0.0,0.15199999511241913
1,0.0,0.6669999957084656
1,0.0560000017285347,0.061000000685453415
0,0.0,0.05700000002980232
1,0.6895000040531158,0.0
1,0.8569999933242798,0.0
0,0.8830000162124634,0.0
0,0.0,0.029999999329447746
0,-0.2956666772564252,0.0
1,-0.18199999630451202,0.13500000536441803
0,0.0,0.12300000339746475
1,0.0,0.04500000178813934
1,0.0,0.06199999898672104
0,0.0,0.04899999871850014
1,0.0,0.039000000804662704
1,0.0,-0.8529999852180481
0,0.0,0.13699999451637268
1,0.8569999933242798,0.0
1,0.0,0.4959999918937683
1,0.0,0.7739999890327454
1,0.0,0.210999995470047
0,0.4784999992698431,-0.07800000160932541
1,0.8305000066757202,0.10599999874830246
1,0.0,0.13600000739097595
1,0.4959999918937683,0.0
1,0.0,0.13600000739097595
0,0.0,0.054999999701976776
1,0.0560000017285347,0.6669999957084656
0,-0.03200000027815501,0.13600000739097595
0,0.0,0.1120000034570694
0,0.1080000028014183,0.061000000685453415
1,0.0,0.7739999890327454
1,0.7789999842643738,0.0
0,-0.5450000166893005,0.08900000154972076
0,-0.5009999871253967,0.0
1,0.0,0.07100000232458115
0,0.15700000524520874,0.10899999737739563
0,-0.8190000057220459,-0.05000000074505806
0,0.26899999380111694,0.0
1,0.8830000162124634,0.0
0,0.0,-0.10899999737739563
0,-0.875,0.12300000339746475
1,0.13099999725818634,0.07100000232458115
0,0.0,-0.035999998450279236
1,0.8569999933242798,0.0
1,0.0,0.31299999356269836
0,-0.3525000037625432,0.0
1,-0.8790000081062317,0.5649999976158142
1,0.0,0.11299999803304672
1,0.0,0.10599999874830246
1,0.0,0.8330000042915344
0,0.0,0.07800000160932541
0,0.0,0.14300000667572021
0,0.0,-0.8579999804496765
0,-0.367000013589859,0.8149999976158142
0,0.0,0.8479999899864197
0,-0.0729999989271164,0.10899999737739563
1,0.1080000028014183,0.4410000145435333
1,0.0,0.7739999890327454
1,0.0,0.04500000178813934
0,0.0,-0.5820000171661377
1,0.2980000078678131,0.0
1,0.454333337644736,0.03700000047683716
0,-0.367000013589859,0.0
1,0.018333328266938526,-0.8149999976158142
1,0.3789999882380168,0.8330000042915344
0,-0.20900000631809235,0.19599999487400055
0,0.0,-0.023000000044703484
0,-0.8830000162124634,-0.6899999976158142
1,0.0,0.02500000037252903
1,0.07500000298023224,0.164000004529953
1,0.0,0.10899999737739563
0,0.0,-0.9390000104904175
1,0.0,0.7739999890327454
0,0.0,0.8330000042915344
0,0.0,-0.9330000281333923
0,-0.38199999928474426,0.5870000123977661
1,0.8569999933242798,0.0
0,0.0,-0.9330000281333923
0,-0.7559999823570251,0.14300000667572021
1,0.43999999668449163,0.061000000685453415
1,0.2980000078678131,0.0
0,-0.42499998584389687,0.0
1,0.8569999933242798,0.0
1,0.26899999380111694,0.07100000232458115
0,0.0,-0.07100000232458115
0,0.0,-0.0430000014603138
1,0.22199999541044235,0.0
0,0.0,0.31299999356269836
1,-0.05299999937415123,-0.210999995470047
0,-0.45499998703598976,0.1379999965429306
1,0.8569999933242798,0.19599999487400055
1,0.0,0.4819999933242798
1,0.0,0.6669999957084656
0,0.8870000243186951,0.0
0,-0.01750001311302185,0.1379999965429306
0,0.0,0.12999999523162842
0,0.0,0.2370000034570694
1,0.0,0.08799999952316284
1,0.07100000480810802,0.19599999487400055
1,0.8569999933242798,0.7739999890327454
1,0.0,0.31299999356269836
0,-0.7630000114440918,0.0
1,0.0,0.08500000089406967
1,0.4519999921321869,0.0
1,0.4959999918937683,0.0
0,0.0,-0.722000002861023
0,0.777999997138977,0.04500000178813934
1,0.13099999725818634,-0.6899999976158142
0,0.20199999399483204,0.03200000151991844
0,0.0,-0.7739999890327454
0,0.0,-0.03799999877810478
1,0.8569999933242798,0.0
0,0.0,0.05999999865889549
1,0.8600000143051147,0.25
0,0.3264999985694885,0.029999999329447746
1,0.8190000057220459,0.24500000476837158
1,0.1080000028014183,0.8330000042915344
1,0.8830000162124634,0.10899999737739563
1,0.7929999828338623,0.0
1,0.8260000050067902,0.10999999940395355
1,-0.05299999937415123,0.0
0,0.0,-0.7739999890327454
0,-0.040666663398345314,0.07800000160932541
1,0.8830000162124634,0.09399999678134918
1,0.0,0.061000000685453415
1,0.48249999806284904,0.06199999898672104
0,-0.9390000104904175,0.10300000011920929
0,0.15399999916553497,0.0
1,0.8830000162124634,0.0
1,0.8830000162124634,0.13600000739097595
0,0.0,0.0860000029206276
0,0.26899999380111694,0.027000000700354576
0,-0.7929999828338623,0.13500000536441803
1,0.05933334802587827,0.03099999949336052
1,0.7139999866485596,0.13899999856948853
1,0.04899999871850014,0.1679999977350235
0,0.1080000028014183,0.0
1,0.4129999876022339,0.07800000160932541
0,0.0,-0.8920000195503235
0,-0.722000002861023,-0.03200000151991844
0,0.0,-0.06199999898672104
1,0.1080000028014183,0.0
0,0.0,0.07100000232458115
0,0.0,0.10899999737739563
0,-0.06499999761581421,0.0
1,0.17350000329315662,0.1289999932050705
1,0.8830000162124634,0.6669999957084656
1,0.8569999933242798,0.6079999804496765
1,0.14800000190734863,0.0
1,-0.0820000022649765,0.06199999898672104
0,0.0,0.032999999821186066
0,0.0,-0.47600001096725464
1,0.8569999933242798,0.0
1,0.0,0.07800000160932541
1,-0.21599999070167542,0.0
0,0.0,-0.06199999898672104
0,-0.3269999921321869,0.0430000014603138
0,0.0,-0.054999999701976776
1,0.0,0.31200000643730164
0,0.8830000162124634,0.061000000685453415
0,-0.05999999865889549,0.07100000232458115
0,0.0,-0.8169999718666077
1,0.13600000366568565,0.8569999933242798
0,-0.9020000100135803,0.0
1,0.2980000078678131,0.0
1,0.0,0.5090000033378601
0,0.0,0.03200000151991844
0,-0.8809999823570251,0.0
0,0.07699999958276749,-0.8650000095367432
1,0.8569999933242798,-0.029999999329447746
0,-0.5009999871253967,0.061000000685453415
0,0.0,-0.02500000037252903
1,-0.3269999921321869,0.061000000685453415
1,0.0,0.210999995470047
0,-0.032999999821186066,0.05299999937415123
1,0.0,0.11299999803304672
0,-0.032999999821186066,0.7739999890327454
0,-0.26899999380111694,0.03200000151991844
0,0.0,0.029999999329447746
0,-0.9020000100135803,0.0
1,0.0,0.09300000220537186
1,0.3959999978542328,0.0
1,0.26899999380111694,0.07100000232458115
0,0.0,0.8330000042915344
1,0.8830000162124634,0.0
1,0.8569999933242798,0.0
1,0.4959999918937683,0.7739999890327454
0,0.15399999916553497,0.0
1,0.13099999725818634,0.0
1,0.2980000078678131,0.0
0,0.0,-0.4309999942779541
1,0.1080000028014183,0.7739999890327454
0,0.1340000033378601,0.7229999899864197
1,0.2529999911785126,0.0
1,0.0,0.10899999737739563
1,0.0,-0.6899999976158142
1,0.11649999767541885,0.24500000476837158
0,-0.2939999997615814,0.0
0,0.0,-0.8650000095367432
0,0.0,0.09399999678134918
0,0.040500001050531864,0.027000000700354576
1,0.0,0.07100000232458115
0,0.8224999904632568,0.02800000086426735
1,0.8569999933242798,0.0
0,0.05000000074505806,-0.23800000548362732
1,-0.33649998530745506,-0.4169999957084656
0,0.0,-0.10899999737739563
0,0.10100000351667404,-0.16300000250339508
1,0.03700000047683716,0.7739999890327454
0,0.0,0.4749999940395355
1,0.0959999958674113,0.05400000140070915
1,0.0,0.15199999511241913
0,0.0,0.8330000042915344
1,0.34399999553958577,0.10899999737739563
1,0.8830000162124634,0.20000000298023224
1,0.7929999828338623,0.0
0,-0.22500000521540642,0.0
1,0.6389999985694885,-0.8149999976158142
0,0.0690000057220459,0.0
0,-0.15200000380476317,0.5960000157356262
0,-0.9020000100135803,0.8330000042915344
1,0.5770000219345093,-0.08900000154972076
0,0.0,-0.12399999797344208
0,-0.367000013589859,0.12999999523162842
1,-0.05299999937415123,0.0
1,0.0,0.03400000184774399
0,0.10100000351667404,0.09200000017881393
1,0.44600000977516174,0.0
0,-0.9020000100135803,0.0
1,0.26899999380111694,0.14300000667572021
0,-0.13699999451637268,-0.4169999957084656
0,0.0,-0.09200000017881393
1,0.37199999764561653,0.09399999678134918
0,0.0,-0.07100000232458115
1,0.107999999076128,0.16200000047683716
0,0.03700000047683716,0.7229999899864197
0,0.15700000524520874,-0.5820000171661377
1,0.28466667731602985,0.0
1,0.0,0.6669999957084656
1,0.04750000312924385,0.0
0,0.0,-0.7739999890327454
0,0.47600000724196434,0.061000000685453415
1,0.7459999918937683,0.0860000029206276
0,-0.8650000095367432,0.0
0,-0.11900000274181366,0.13899999856948853
0,0.15700000524520874,0.04600000008940697
1,0.16199999675154686,0.5090000033378601
0,0.0,0.11299999803304672
0,0.0,-0.050999999046325684
0,-0.37400001287460327,0.0
1,0.13099999725818634,0.0
1,0.4675000086426735,0.18799999356269836
0,0.2930000126361847,0.0
0,-0.2283333366115888,-0.26100000739097595
1,0.0,0.6669999957084656
1,0.26899999380111694,0.7129999995231628
0,0.0,-0.05299999937415123
0,0.0,0.125
0,-0.367000013589859,0.057999998331069946
1,0.050999999046325684,0.8190000057220459
1,0.0,0.07100000232458115
0,0.0,0.07100000232458115
1,0.8569999933242798,0.13500000536441803
0,0.3959999978542328,-0.10899999737739563
1,0.0,0.07100000232458115
1,0.21699999272823334,0.09399999678134918
0,0.0,-0.621999979019165
1,0.0,-0.3179999887943268
1,0.023000000044703484,0.07100000232458115
0,0.0,0.7300000190734863
1,0.0,0.09099999815225601
0,0.0,0.03200000151991844
1,0.2239999994635582,0.8330000042915344
0,0.0,0.06199999898672104
1,-0.35849998891353607,0.1120000034570694
0,0.0,0.07100000232458115
0,-0.12999999523162842,0.0
0,0.0,0.8330000042915344
1,0.0,0.052000001072883606
0,-0.318999994546175,-0.09099999815225601
1,0.8569999933242798,0.0
0,0.01900000125169754,0.061000000685453415
1,0.8830000162124634,0.0
1,0.0,-0.0430000014603138
1,0.1360000018030405,0.0
0,0.08900000154972076,0.061000000685453415
1,0.1080000028014183,0.0
1,0.13699999451637268,0.07100000232458115
1,0.8069999814033508,-0.875
1,0.25900000520050526,0.0
1,0.0,-0.5640000104904175
0,0.0,-0.035999998450279236
1,0.8569999933242798,-0.035999998450279236
0,0.0,0.07800000160932541
1,-0.5770000219345093,0.09200000017881393
0,0.0,-0.875
1,0.5095000118017197,0.09399999678134918
1,0.8830000162124634,0.0
1,0.578000009059906,0.0
1,0.8830000162124634,0.0
1,0.8569999933242798,0.0
1,0.0,0.7739999890327454
0,-0.8830000162124634,-0.07100000232458115
0,0.0,0.06199999898672104
0,0.052000001072883606,0.7860000133514404
1,0.0,0.8330000042915344
0,0.11699999868869781,0.07800000160932541
1,0.7789999842643738,0.0
0,0.0,-0.5820000171661377
1,0.03700000047683716,-0.6899999976158142
0,-0.7450000047683716,0.0
1,0.26899999380111694,0.07100000232458115
0,0.07100000232458115,0.07100000232458115
0,-0.7289999723434448,0.1120000034570694
1,-0.41599998623132706,0.07100000232458115
0,0.0,0.7450000047683716
1,0.2724999953061342,0.0
1,0.0,0.07100000232458115
1,0.0,-0.8149999976158142
1,0.0,-0.8529999852180481
0,0.16300000250339508,-0.0
0,0.9259999990463257,0.0
0,0.24449999630451202,0.0
0,0.0,-0.11999999731779099
0,0.9259999990463257,-0.8529999852180481
1,0.8569999933242798,0.0
0,0.15700000524520874,0.13600000739097595
0,0.04600000071028868,0.0
0,-0.9390000104904175,0.8330000042915344
1,0.8830000162124634,0.0
1,0.4959999918937683,0.0
1,0.0,0.024000000208616257
1,0.0,0.7739999890327454
1,0.8569999933242798,0.0
0,-0.027000000700354576,0.8330000042915344
0,-0.4050000011920929,0.10899999737739563
0,-0.8569999933242798,0.10899999737739563
0,0.026000000536441803,0.0860000029206276
0,-0.9390000104904175,0.0
0,0.0,-0.061000000685453415
0,0.5380000174045563,0.0
0,0.0,-0.035999998450279236
1,-0.8769999742507935,0.07100000232458115
1,0.8569999933242798,0.07100000232458115
0,-0.41499999165534973,-0.07100000232458115
0,0.0,-0.8529999852180481
1,0.0,0.15199999511241913
1,0.2980000078678131,0.06199999898672104
0,0.13099999725818634,0.0
1,0.8830000162124634,0.0
0,0.0,-0.31200000643730164
0,-0.27733333098391694,0.04500000178813934
1,0.13099999725818634,0.0
1,0.8569999933242798,0.0
1,0.8569999933242798,0.0
0,-0.2619999945163727,0.0
1,-0.31700001284480095,0.6669999957084656
0,0.5200000107288361,0.061000000685453415
1,0.4959999918937683,0.0
1,0.8830000162124634,0.0
1,0.2529999911785126,0.0
1,0.0560000017285347,0.0
1,0.0,0.5820000171661377
0,-0.7450000047683716,0.06800000369548798
1,0.0,0.08500000089406967
1,0.0,0.7739999890327454
1,0.0,0.15199999511241913
1,0.45266666014989215,0.6880000233650208
1,0.31200000643730164,0.0
1,0.0,0.8330000042915344
0,-0.5120000243186951,0.07100000232458115
1,0.09600000083446503,0.0
0,-0.8830000162124634,0.296999990940094
1,0.8830000162124634,0.0
1,0.8830000162124634,0.0
0,0.0,-0.035999998450279236
0,0.0,0.06199999898672104
0,0.0,-0.23499999940395355
0,0.0,-0.6499999761581421
0,-0.6800000071525574,0.05700000002980232
0,-0.9390000104904175,0.0
0,0.0,-0.31299999356269836
0,-0.6019999980926514,0.08399999886751175
0,-0.7289999723434448,0.06199999898672104
0,-0.367000013589859,0.13500000536441803
0,-0.08649999648332596,0.19599999487400055
0,-0.2549999840557575,0.0
0,-0.5120000243186951,0.0
0,-0.8830000162124634,0.0
0,0.0,0.19599999487400055
1,0.164000004529953,0.0
1,0.4959999918937683,0.7129999995231628
1,0.0,-0.023000000044703484
0,0.2919999957084656,0.032999999821186066
1,0.0,0.2529999911785126
0,0.0,0.1379999965429306
0,-0.9020000100135803,0.0
0,0.08900000154972076,0.06199999898672104
1,0.07700002193450928,0.0
1,0.0,0.10199999809265137
1,0.0,0.7739999890327454
1,0.8830000162124634,0.0
1,0.5235000103712082,0.0
0,0.0,0.10999999940395355
1,0.8830000162124634,0.0
1,0.13099999725818634,0.0
1,0.5905000120401382,0.10999999940395355
1,0.44600000977516174,0.0860000029206276
1,0.8830000162124634,0.0
0,0.0,0.10899999737739563
1,0.0,0.4959999918937683
1,0.0,0.4959999918937683
0,0.0,-0.0729999989271164
1,0.1420000046491623,0.11299999803304672
0,-0.26600000262260437,0.0
1,0.38500000908970833,0.0
1,0.0,0.7129999995231628
0,0.0,-0.035999998450279236
0,0.0,0.8529999852180481
0,0.13699999451637268,-0.20000000298023224
1,0.1340000033378601,0.0
0,-0.09649999439716339,0.04899999871850014
1,0.0,0.1120000034570694
1,0.4959999918937683,0.0
1,0.2529999911785126,0.0
1,0.0,0.03400000184774399
0,0.0,-0.06199999898672104
1,0.26899999380111694,0.13500000536441803
0,0.17933333416779837,-0.6499999761581421
0,-0.9020000100135803,0.0
1,0.0,0.09200000017881393
1,0.777999997138977,0.07100000232458115
0,-0.5910000205039978,0.10899999737739563
0,0.8830000162124634,0.061000000685453415
1,-0.14033332715431848,0.1289999932050705
0,-0.31200000643730164,0.0
1,0.0,0.03200000151991844
1,0.0,0.039000000804662704
1,0.8830000162124634,0.0
1,0.0,0.06199999898672104
0,0.0,-0.875
0,0.0,-0.054999999701976776
0,-0.8569999933242798,-0.1379999965429306
0,0.0,0.13500000536441803
0,0.0,0.026000000536441803
1,-0.8360000252723694,0.0
0,0.024000000208616257,0.0
1,-0.27300000190734863,0.0
0,0.1080000028014183,0.0
1,0.2980000078678131,0.0
1,0.0,0.3959999978542328
1,0.8830000162124634,0.0
1,0.024000000208616257,0.8330000042915344
1,0.8569999933242798,0.7739999890327454
0,0.0,0.10899999737739563
0,0.0,0.8330000042915344
0,-0.5910000205039978,0.0
0,0.0,-0.19599999487400055
1,0.10100000351667404,0.10000000149011612
0,-0.36700000427663326,0.8330000042915344
0,-0.7450000047683716,0.07199999690055847
1,0.2980000078678131,0.0
1,0.0,0.31299999356269836
1,0.8830000162124634,0.16200000047683716
1,0.13099999725818634,0.04500000178813934
0,-0.3269999921321869,0.0
0,0.0,0.14300000667572021
0,0.0,-0.10300000011920929
1,0.26899999380111694,0.07800000160932541
1,0.0,0.06199999898672104
1,0.15899999625980854,0.07100000232458115
1,0.164000004529953,0.0
0,0.03700000047683716,0.07800000160932541
1,0.0,0.07100000232458115
0,-0.9330000281333923,0.0
0,0.0,-0.19599999487400055
1,0.0,0.8330000042915344
0,-0.11299999803304672,0.0
1,0.0,0.6669999957084656
1,0.75,0.31299999356269836
0,-0.7630000114440918,0.08399999886751175
1,0.2980000078678131,0.12999999523162842
1,0.7929999828338623,0.0
1,0.0,0.11299999803304672
1,0.47099999710917473,-0.05299999937415123
1,0.26899999380111694,0.0
0,0.29499998688697815,-0.10899999737739563
0,0.1340000033378601,-0.5899999737739563
1,0.0,0.1469999998807907
0,0.0,-0.04500000178813934
0,0.0,0.14300000667572021
0,-0.7900000214576721,-0.8149999976158142
1,0.0,0.4959999918937683
0,-0.27300000190734863,0.0
1,0.0,-0.09399999678134918
0,-0.38199999928474426,0.13500000536441803
0,0.0,0.054999999701976776
0,0.15700000524520874,0.0
0,0.0,-0.13600000739097595
0,0.0,0.9319999814033508
0,0.0,-0.13500000536441803
0,0.0,-0.03200000151991844
0,-0.0989999994635582,0.07100000232458115
0,0.0,0.9330000281333923
0,0.0,-0.5600000023841858
0,0.0,-0.03500000014901161
0,0.0,-0.9330000281333923
0,0.0,0.8330000042915344
0,0.0430000014603138,-0.9330000281333923
0,0.0,-0.04100000113248825
0,-0.5209999978542328,0.0
0,-0.6060000061988831,0.6499999761581421
0,-0.3438000038266182,-0.9330000281333923
0,-0.5659999847412109,0.041999999433755875
1,0.0,-0.8149999976158142
0,-0.028999999165534973,-0.14499999582767487
0,0.0,-0.054999999701976776
1,0.8830000162124634,0.061000000685453415
1,0.0,0.6669999957084656
1,0.8600000143051147,0.0
1,0.0,0.061000000685453415
1,0.4690000116825104,0.0
1,0.9259999990463257,0.0
0,-0.1354999952018261,0.5379999876022339
1,0.052000001072883606,0.10899999737739563
1,0.578000009059906,0.0
1,0.0,0.10300000011920929
1,0.546999990940094,0.061000000685453415
1,0.0,0.09799999743700027
1,0.9259999990463257,0.5640000104904175
1,0.16200000047683716,0.0
1,0.17949999868869781,0.0560000017285347
1,0.023000000044703484,0.0
1,-0.5559999942779541,0.0
1,0.1080000028014183,0.0
1,0.0,-0.054999999701976776
1,0.8830000162124634,0.0
1,0.0,0.06199999898672104
0,0.4684999957680702,0.13500000536441803
0,0.0,0.10000000149011612
0,0.11799999698996544,-0.04600000008940697
0,-0.6190000176429749,0.0
0,0.0,-0.14900000393390656
0,0.0,-0.10999999940395355
0,-0.5519999861717224,0.0
0,0.12449999898672104,0.0
0,0.0,-0.1120000034570694
1,-0.7699999809265137,0.0
1,0.2539999932050705,-0.0
1,0.7419999837875366,0.8029999732971191
1,-0.27300000190734863,0.4169999957084656
0,-0.9309999942779541,0.03999999910593033
0,-0.5530000030994415,0.0
0,0.0,0.14499999582767487
1,0.4959999918937683,0.0
1,0.0,0.08699999749660492
1,0.0,0.04500000178813934
1,0.8830000162124634,0.061000000685453415
1,-0.5659999847412109,0.8679999709129333
0,-0.9330000281333923,0.0
0,-0.45399999618530273,0.0
0,-0.47600001096725464,0.0
0,0.8830000162124634,-0.9309999942779541
0,-0.8830000162124634,0.0
0,0.0,-0.06499999761581421
0,-0.39250001311302185,0.06499999761581421
1,0.8569999933242798,0.0
1,0.8830000162124634,0.14399999380111694
1,0.0,0.04100000113248825
1,0.8669999837875366,-0.8529999852180481
1,0.8569999933242798,0.0
1,0.4519999921321869,0.06199999898672104
0,0.5694999992847443,0.8230000138282776
1,0.15700000524520874,0.04500000178813934
1,0.0,0.11299999803304672
1,0.6919999718666077,0.0
1,0.0,0.04500000178813934
1,0.0,0.04500000178813934
1,0.0,-0.027000000700354576
1,0.19900000095367432,0.0
1,0.7979999780654907,0.07800000160932541
1,0.12999999523162842,0.06800000369548798
0,-0.1379999965429306,0.0
0,-0.8650000095367432,0.7229999899864197
1,-0.07750001549720764,0.0
1,0.6190000176429749,-0.039000000804662704
1,0.6190000176429749,0.10899999737739563
1,0.6200000047683716,0.061000000685453415
1,-0.9330000281333923,-0.061000000685453415
0,-0.8870000243186951,0.5540000200271606
0,-0.32566667596499127,0.0
0,0.0,-0.7039999961853027
0,0.16899999976158142,0.0
0,-0.7450000047683716,0.0
1,0.13849999755620956,0.5540000200271606
0,-0.722000002861023,-0.6669999957084656
0,0.0,0.12099999934434891
1,0.054999999701976776,0.0
1,0.15399999916553497,0.5540000200271606
0,-0.8830000162124634,0.0
0,-0.8769999742507935,-0.8149999976158142
0,-0.8870000243186951,0.061000000685453415
0,0.7260000109672546,0.0
0,0.07100000232458115,0.0
0,-0.08700000494718552,-0.847000002861023
1,0.0,0.04500000178813934
1,0.0,0.31299999356269836
1,0.8569999933242798,0.0
1,-0.1940000057220459,0.10899999737739563
1,0.164000004529953,0.0
1,0.0,0.125
1,0.0,0.578000009059906
1,0.0,0.31299999356269836
0,-0.3269999921321869,0.061000000685453415
1,0.05000000074505806,0.0
0,0.0,-0.10899999737739563
0,0.0,-0.1379999965429306
0,-0.8650000095367432,-0.09399999678134918
0,0.0754999965429306,0.0
0,0.8569999933242798,0.0
0,0.0,-0.23800000548362732
0,0.0560000017285347,-0.5540000200271606
0,0.0,0.6309999823570251
0,-0.5439999997615814,0.8330000042915344
0,-0.3280000016093254,0.0
0,0.0,-0.14499999582767487
0,0.06700000166893005,0.06300000101327896
0,0.878000020980835,-0.10899999737739563
0,0.08500000089406967,0.06499999761581421
0,0.0,-0.11100000143051147
1,0.12999999523162842,0.0
0,-0.08700000494718552,0.0
0,-0.03400000184774399,0.10899999737739563
0,-0.367000013589859,0.0
0,-0.9020000100135803,0.0
0,0.0989999994635582,0.0
0,0.0,0.057999998331069946
1,0.15399999916553497,0.6880000233650208
0,-0.04100000113248825,0.0
0,0.0,-0.9390000104904175
0,-0.7289999723434448,0.8330000042915344
0,0.0,-0.8349999785423279
0,0.0,-0.8069999814033508
0,0.0,0.12099999934434891
0,0.0,-0.37400001287460327
0,0.0,-0.061000000685453415
0,0.156000018119812,0.1120000034570694
0,-0.0811999961733818,-0.06300000101327896
0,-0.4189999997615814,0.1379999965429306
0,0.0,0.29899999499320984
0,0.8830000162124634,0.13500000536441803
0,0.8830000162124634,0.14499999582767487
0,-0.9020000100135803,-0.14499999582767487
0,-0.6050000190734863,0.0
0,-0.31200000643730164,0.0
0,-0.45399999618530273,0.0
0,0.7039999961853027,0.0
0,0.0,-0.5649999976158142
0,-0.04600000008940697,0.0
0,0.5230000019073486,0.0
0,-0.31200000643730164,0.04899999871850014
0,-0.367000013589859,0.0
0,0.0,0.7739999890327454
1,0.4959999918937683,0.0
1,0.0,0.10000000149011612
1,0.8569999933242798,0.04899999871850014
0,0.0,-0.5789999961853027
0,0.0,-0.24300000071525574
0,0.07100000232458115,0.0
1,0.0,0.6669999957084656
0,-0.367000013589859,0.0
0,0.0560000017285347,0.0
0,-0.367000013589859,0.0
1,0.8569999933242798,0.10999999940395355
1,0.04100000113248825,0.061000000685453415
1,0.0,0.061000000685453415
0,0.0,-0.8679999709129333
0,0.0,-0.061000000685453415
0,0.1289999932050705,-0.0949999988079071
0,0.0,-0.31299999356269836
1,0.0,0.1289999932050705
1,-0.27300000190734863,0.0430000014603138
1,0.5590000152587891,0.0
1,0.4959999918937683,0.13600000739097595
1,0.8569999933242798,0.0
0,0.14800000190734863,0.5540000200271606
1,0.0,0.578000009059906
0,0.29499998688697815,0.0
0,0.1080000028014183,0.15600000321865082
0,0.1379999965429306,0.0
0,-0.6430000066757202,0.0
0,0.050999999046325684,0.0
0,-0.7014999985694885,-0.11299999803304672
0,-0.37400001287460327,0.10100000351667404
0,0.0,0.7730000019073486
0,-0.2224999964237213,0.10899999737739563
1,0.0,0.5540000200271606
1,0.0,0.8700000047683716
0,-0.31200000643730164,0.5540000200271606
0,-0.30366667235891026,0.8330000042915344
0,0.0,-0.2930000126361847
0,-0.37400001287460327,-0.8579999804496765
0,0.0,0.054999999701976776
0,-0.9390000104904175,0.0
0,0.0,0.10899999737739563
0,-0.38199999928474426,0.0
0,0.0,-0.041999999433755875
0,0.0,0.06800000369548798
0,-0.8830000162124634,0.10899999737739563
1,0.8700000047683716,0.10899999737739563
1,0.34599999710917473,0.26100000739097595
0,0.0560000017285347,0.0
0,0.0,0.07100000232458115
1,0.0,0.5540000200271606
0,-0.367000013589859,0.0
0,-0.5576666792233785,0.10899999737739563
0,0.0,-0.8069999814033508
0,0.0,0.04699999839067459
0,0.0,-0.8069999814033508
0,0.0,-0.8069999814033508
0,0.0,-0.8069999814033508
1,0.164000004529953,0.0
1,0.6190000176429749,0.0
1,0.6190000176429749,0.0
0,0.1340000033378601,0.0
0,-0.6190000176429749,0.11900000274181366
0,-0.28999999165534973,0.1120000034570694
1,0.0,0.06199999898672104
1,-0.5659999847412109,0.0
1,0.06350000202655792,-0.8349999785423279
1,0.0,0.11900000274181366
1,0.0,0.04500000178813934
1,0.8569999933242798,0.0
1,0.3569999933242798,0.11100000143051147
1,0.4959999918937683,0.0
1,0.0,0.13500000536441803
1,-0.10899999737739563,-0.7179999947547913
1,0.3525999907404184,0.07100000232458115
1,0.0,0.8679999709129333
0,0.0,0.04500000178813934
0,-0.003999978303909302,0.07800000160932541
1,0.1469999998807907,0.0
0,0.0,-0.6669999957084656
0,-0.6790000200271606,-0.8330000042915344
0,-0.367000013589859,0.061000000685453415
0,0.0,0.14499999582767487
0,-0.367000013589859,0.0
0,-0.367000013589859,0.0
0,0.0,-0.054999999701976776
0,-0.367000013589859,0.0
1,0.22300000488758087,0.0
1,0.0,0.24500000476837158
1,0.8429999947547913,0.0
1,-0.03099999949336052,0.0
1,0.7789999842643738,0.0
1,0.020999998785555363,0.12300000339746475
1,0.6310000022252401,-0.061000000685453415
1,0.0,0.7739999890327454
0,0.0,-0.11299999803304672
1,0.0,-0.8149999976158142
1,0.0,0.8830000162124634
1,0.0,0.15700000524520874
1,0.8050000071525574,0.0
1,0.12299999967217445,0.0
0,-0.234499990940094,-0.8149999976158142
0,0.2565000057220459,0.08699999749660492
0,0.2949999924749136,0.04500000178813934
0,0.02199999988079071,-0.8130000233650208
1,0.6190000176429749,0.0
1,0.5450000166893005,0.0
1,-0.0029999911785125732,0.0
1,-0.07900000363588333,0.6880000233650208
1,0.08399999886751175,0.0
1,0.7224999964237213,0.0
1,0.0,0.6880000233650208
1,0.6190000176429749,-0.8149999976158142
1,0.9210000038146973,0.0
1,0.578000009059906,0.061000000685453415
1,0.0,0.6669999957084656
1,0.578000009059906,0.0
1,0.0,0.5699999928474426
1,0.0,0.26899999380111694
0,-0.3800000138580799,0.0
0,-0.9020000100135803,0.0
0,-0.28466666924456757,0.6880000233650208
0,0.0,0.054999999701976776
0,-0.21299999952316284,0.04699999839067459
0,0.0,-0.23800000548362732
0,0.16300000250339508,-0.0
0,-0.7329999804496765,0.04500000178813934
0,0.0,-0.26100000739097595
0,0.0,-0.057999998331069946
0,0.0,-0.8600000143051147
0,0.10000000149011612,0.0
1,0.8830000162124634,0.5540000200271606
1,-0.027000000700354576,0.0
1,0.2630000114440918,0.0
1,0.6190000176429749,0.0
1,0.05299999937415123,0.0
1,0.3959999978542328,0.0
0,-0.26749999821186066,0.10899999737739563
0,-0.31200000643730164,0.0
0,-0.367000013589859,-0.5540000200271606
0,-0.12800000607967377,0.0
1,0.0,0.04500000178813934
1,0.15399999916553497,-0.6589999794960022
1,0.0,0.5540000200271606
1,0.0,0.04500000178813934
1,0.48250000551342964,-0.1379999965429306
1,0.7955000102519989,0.7739999890327454
1,0.4690000116825104,0.5540000200271606
1,0.023000000044703484,0.0
1,0.6919999718666077,0.0
1,0.07500000298023224,0.5379999876022339
1,0.12999999523162842,0.06800000369548798
1,0.1080000028014183,-0.027000000700354576
1,0.0,-0.06700000166893005
1,0.24550000578165054,0.1379999965429306
0,0.1080000028014183,-0.8149999976158142
0,0.0,0.7229999899864197
0,-0.09399999678134918,-0.10899999737739563
0,-0.5665000081062317,0.0
0,-0.5214999914169312,0.04500000178813934
0,-0.1055000014603138,-0.8870000243186951
0,0.0,0.03099999949336052
1,0.5264285693743399,0.10899999737739563
1,0.7789999842643738,0.06199999898672104
1,0.0,0.6669999957084656
0,-0.26699999812990427,0.061000000685453415
0,-0.3240000009536743,-0.028999999165534973
0,-0.3395000100135803,0.10899999737739563
0,0.0,-0.8330000042915344
1,0.5410000085830688,0.061000000685453415
1,0.4273333301146825,0.12099999934434891
1,0.0,0.07100000232458115
1,0.08399999886751175,0.0
1,0.0,0.8529999852180481
1,0.041999999433755875,0.10000000149011612
1,0.32233333339293796,0.0
1,0.2503333290417989,0.0
1,0.08399999886751175,0.16300000250339508
1,0.08500000089406967,0.0
1,-0.20899999824663004,0.03700000047683716
1,0.0,0.8330000042915344
1,0.8830000162124634,0.03700000047683716
0,-0.45399999618530273,0.0
0,0.13699999451637268,0.8029999732971191
1,0.515000008046627,0.061000000685453415
1,0.8830000162124634,0.0
1,0.3264999985694885,0.061000000685453415
1,0.6866666773955027,0.0
1,0.0,0.7229999899864197
1,0.460999995470047,0.0
1,0.0,0.8679999709129333
1,0.0,0.31299999356269836
0,0.0,-0.13500000536441803
1,0.5720000267028809,0.1080000028014183
1,0.4959999918937683,0.0
1,0.0,0.6880000233650208
1,-0.0820000022649765,0.0
1,0.0860000029206276,0.023000000044703484
1,0.10050000250339508,0.06199999898672104
0,-0.367000013589859,-0.8069999814033508
0,-0.367000013589859,0.0
0,-0.38199999928474426,0.07100000232458115
0,0.0,-0.03500000014901161
1,-0.2094999924302101,-0.3160000145435333
1,0.5486000046133995,0.05299999937415123
0,-0.1589999943971634,0.13899999856948853
0,-0.017499998211860657,0.10899999737739563
0,-0.1120000034570694,0.5379999876022339
0,-0.9309999942779541,0.11299999803304672
0,-0.367000013589859,-0.061000000685453415
0,-0.367000013589859,0.061000000685453415
0,-0.3140000104904175,0.0
0,-0.09666667381922404,-0.23800000548362732
0,0.0,-0.023000000044703484
0,0.0,-0.7739999890327454
0,0.7820000052452087,0.1120000034570694
1,0.4986666614810626,0.6669999957084656
1,0.9020000100135803,0.0
0,-0.1315000057220459,0.0
1,0.10000000149011612,0.8330000042915344
0,0.15399999916553497,0.0
1,0.8830000162124634,0.0
0,-0.09599999897181988,0.24500000476837158
0,-0.367000013589859,0.14499999582767487
1,0.2280000075697899,0.0
0,-0.350000012665987,0.0
0,0.03099999949336052,0.0
1,0.6919999718666077,0.5540000200271606
1,0.4145000074058771,0.23800000548362732
1,0.0,-0.31299999356269836
0,-0.367000013589859,0.0
0,0.4205000028014183,0.0
0,0.0,-0.050999999046325684
0,-0.8830000162124634,0.0
0,0.0,-0.210999995470047
0,-0.31200000643730164,-0.1120000034570694
0,0.0,0.07100000232458115
0,0.0,-0.04100000113248825
0,0.0,0.5540000200271606
0,-0.466499999165535,0.1379999965429306
0,-0.564500018954277,0.0
0,-0.18299999088048935,0.11900000274181366
0,-0.21299999952316284,0.0
0,-0.7379999756813049,0.0
0,0.0,-0.8920000195503235
1,0.7929999828338623,0.6880000233650208
1,0.8569999933242798,0.1120000034570694
0,-0.24299999326467514,0.061000000685453415
0,-0.37400001287460327,0.061000000685453415
0,0.0,0.061000000685453415
0,-0.3710000067949295,-0.0820000022649765
0,-0.2475000098347664,0.3160000145435333
0,-0.5659999847412109,0.10899999737739563
0,0.2329999953508377,0.8299999833106995
0,-0.367000013589859,-0.027000000700354576
0,0.0,0.04899999871850014
0,0.8174999952316284,0.06300000101327896
1,0.48099999502301216,0.6669999957084656
1,0.0,0.1120000034570694
1,0.0,0.11100000143051147
1,0.0560000017285347,0.8679999709129333
1,0.0,0.16200000047683716
1,0.0,-0.6309999823570251
0,-0.5659999847412109,-0.0430000014603138
0,-0.859000027179718,-0.0689999982714653
1,-0.4573333263397217,0.0430000014603138
1,0.28199999779462814,0.0
1,0.0,0.8330000042915344
1,-0.37300000339746475,0.11299999803304672
1,0.578000009059906,-0.1379999965429306
1,0.8830000162124634,0.0
1,0.35199999064207077,-0.8149999976158142
1,0.12800000607967377,0.8930000066757202
1,0.0,-0.8149999976158142
1,0.14499999582767487,0.17800000309944153
1,0.03400000184774399,0.03099999949336052
1,0.4195000007748604,0.0
1,0.0,0.6880000233650208
1,0.13099999725818634,0.15000000596046448
0,0.02500000037252903,0.10700000077486038
0,0.0,-0.9129999876022339
0,0.0,0.061000000685453415
0,-0.7360000014305115,0.13600000739097595
0,0.15399999916553497,0.04600000008940697
1,0.8830000162124634,0.0
1,0.12999999523162842,0.06800000369548798
0,-0.15450000017881393,0.0
0,-0.5054999887943268,0.0
0,-0.367000013589859,0.0
0,0.15700000524520874,-0.1379999965429306
0,-0.367000013589859,0.0
0,-0.9390000104904175,0.03999999910593033
0,-0.20549999922513962,0.0
0,0.0,0.28600001335144043
0,-0.367000013589859,0.0
0,-0.09433333079020183,0.0
0,0.8569999933242798,0.210999995470047
0,0.7760000228881836,-0.6499999761581421
0,0.06299999915063381,-0.8299999833106995
0,0.0,0.13600000739097595
0,-0.008500002324581146,0.0
0,0.0,0.10700000077486038
1,0.8569999933242798,0.0
1,-2.4999864399433136E-4,0.0
1,0.4109999934832255,0.0949999988079071
0,-0.0860000029206276,0.0
0,0.0,-0.8659999966621399
0,-0.7520000040531158,-0.7910000085830688
0,0.050999999046325684,-0.10599999874830246
0,0.15399999916553497,0.0
0,0.7820000052452087,0.0
1,0.546999990940094,0.0
1,0.39749999064952135,0.06499999761581421
1,0.05899999849498272,-0.03200000151991844
1,0.0,0.24500000476837158
1,0.06266666948795319,0.6880000233650208
1,0.4795000031590462,0.0
0,0.0,0.10999999940395355
1,0.13699999451637268,0.0
1,0.0,0.8029999732971191
0,0.0,-0.061000000685453415
0,-0.367000013589859,0.10899999737739563
0,-0.367000013589859,0.0
0,-0.21966667473316193,0.0
0,0.8830000162124634,0.10899999737739563
0,-0.367000013589859,0.061000000685453415
0,-0.9020000100135803,0.0
0,0.16849999129772186,0.0
0,0.020000001415610313,0.0
0,-0.5550000071525574,0.07800000160932541
0,-0.5910000205039978,-0.1379999965429306
0,0.0,-0.8769999742507935
0,-0.37400001287460327,0.0
0,0.05450000148266554,0.0
0,-0.7450000047683716,0.0
0,0.0560000017285347,0.0
0,0.0,0.061000000685453415
0,-0.37400001287460327,0.0
1,0.1659999992698431,0.11900000274181366
1,0.0,0.6669999957084656
0,-0.9020000100135803,0.09099999815225601
0,-0.7739999890327454,0.0
0,-0.4975000061094761,0.5540000200271606
0,-0.9020000100135803,0.0
0,0.1340000033378601,0.14499999582767487
0,-0.39850000478327274,-0.32100000977516174
1,-0.030249999836087227,0.061000000685453415
0,0.15700000524520874,0.13699999451637268
0,-0.023000000044703484,0.0
0,0.0,0.1289999932050705
0,0.7979999780654907,0.04899999871850014
0,-0.796999990940094,0.0
0,0.34833332896232605,-0.875
0,0.0,-0.2930000126361847
0,-0.7739999890327454,0.0
0,0.0989999994635582,0.8330000042915344
0,0.15700000524520874,0.13600000739097595
0,0.09099999815225601,0.8299999833106995
0,-0.6660000085830688,0.0
0,0.0,-0.23800000548362732
0,-0.367000013589859,0.04500000178813934
1,0.08750000223517418,0.8679999709129333
1,0.45650000870227814,0.13600000739097595
1,0.013500000350177288,0.8679999709129333
1,-0.5389999747276306,0.10899999737739563
1,0.4090000092983246,0.0
1,0.260500006377697,-0.5659999847412109
0,-0.25150000117719173,0.08699999749660492
0,-0.10900000110268593,0.04899999871850014
1,0.2084999978542328,0.0
0,-0.31200000643730164,0.061000000685453415
0,-0.31200000643730164,0.061000000685453415
0,-0.1432499885559082,0.0
0,0.0,0.4749999940395355
0,-0.37400001287460327,0.0
0,-0.5600000023841858,0.0
0,-0.7580000162124634,0.0
0,-0.41849998757243156,0.10899999737739563
0,-0.878000020980835,0.054999999701976776
1,0.0,0.23800000548362732
1,0.6919999718666077,-0.8149999976158142
1,0.0,0.5540000200271606
0,0.0,0.5540000200271606
1,0.6190000176429749,0.0
1,0.6919999718666077,0.26100000739097595
1,0.4414999969303608,0.0
1,0.0,0.8920000195503235
1,0.34966666003068286,-0.7699999809265137
1,0.14475000463426113,0.3319999873638153
1,0.1824999935925007,0.15000000596046448
1,0.14949999749660492,0.061000000685453415
0,-0.14633332937955856,-0.054999999701976776
0,0.0,-0.8769999742507935
1,0.8569999933242798,0.0
1,0.7105000019073486,0.061000000685453415
1,0.5789999961853027,0.0
1,0.4866666682064533,0.10599999874830246
1,0.8569999933242798,-0.5540000200271606
1,0.0,0.04500000178813934
0,-0.15699999034404755,0.1379999965429306
0,0.0,0.8529999852180481
1,-0.3048571353512151,-0.12300000339746475
1,0.006999991834163666,-0.4000000059604645
1,0.565000000099341,0.0
1,0.1289999932050705,0.12399999797344208
1,0.0,0.12399999797344208
1,0.0,0.5450000166893005
1,0.0,0.5540000200271606
1,-0.8769999742507935,0.0
1,0.34150000661611557,0.0
0,-0.37400001287460327,-0.1080000028014183
0,0.09049999993294477,0.07100000232458115
1,0.4959999918937683,0.04600000008940697
1,0.08550000190734863,0.29899999499320984
1,0.38100001215934753,0.0
1,0.5799999833106995,-0.04699999839067459
1,0.1940000057220459,0.0
1,0.0,0.4959999918937683
1,0.8830000162124634,0.0
1,0.8569999933242798,0.0989999994635582
1,0.19900000095367432,0.0
1,0.21899999398738146,0.13600000739097595
1,-0.426999993622303,0.0
1,0.0,0.6669999957084656
1,0.0,0.10999999940395355
1,0.36424999218434095,0.10899999737739563
1,0.0,0.10899999737739563
1,0.3463333298762639,0.10999999940395355
0,-0.38199999928474426,0.32100000977516174
0,0.0,0.04100000113248825
1,0.3460000045597553,0.5540000200271606
0,-0.8830000162124634,0.0
0,0.0,0.041999999433755875
0,0.0,-0.02500000037252903
1,0.0,-0.024000000208616257
1,0.35599998633066815,0.7229999899864197
1,0.0560000017285347,0.0
1,0.0,-0.035999998450279236
1,0.0,0.7549999952316284
1,0.08399999886751175,0.0
1,0.4959999918937683,0.0
1,0.10300000011920929,0.0
1,0.9259999990463257,0.0
1,-0.3474999852478504,-0.14499999582767487
1,0.8830000162124634,0.0
1,0.8700000047683716,0.0
1,0.0,0.061000000685453415
0,0.07050000131130219,0.09000000357627869
1,0.8569999933242798,0.0
0,0.0,-0.1120000034570694
0,-0.1185000091791153,0.0
1,0.578000009059906,0.0
1,0.12800000607967377,0.07100000232458115
1,0.7609999775886536,0.0
1,0.0,0.061000000685453415
1,0.0,-0.4819999933242798
1,0.0,0.7739999890327454
0,-0.367000013589859,0.061000000685453415
0,-0.45650000777095556,0.0
0,-0.367000013589859,0.0
0,-0.367000013589859,0.0
0,-0.21299999952316284,0.8299999833106995
0,-0.37400001287460327,0.0
0,-0.367000013589859,0.0689999982714653
0,0.0,-0.7440000176429749
0,0.9210000038146973,0.13600000739097595
0,-0.2813333322604497,0.0
0,-0.6029999852180481,0.03200000151991844
0,-0.9390000104904175,0.03200000151991844
0,-0.6029999852180481,0.0
0,0.0,0.08500000089406967
1,0.04500000178813934,0.023000000044703484
1,0.12700000405311584,0.07100000232458115
0,0.10000000149011612,0.0
0,-0.7630000114440918,0.0
0,0.0,-0.8149999976158142
0,-0.15500000678002834,0.054999999701976776
0,0.2980000078678131,0.08500000089406967
0,-0.5999999940395355,0.0
0,0.8830000162124634,0.0
0,-0.02949999924749136,0.0
0,-0.12999999523162842,-0.054999999701976776
0,0.0,-0.8769999742507935
0,-0.5709999799728394,0.5090000033378601
1,0.8830000162124634,0.0
1,0.06600000150501728,0.0
1,0.5410000085830688,0.5609999895095825
1,0.6069999933242798,0.0
1,-0.4155000075697899,0.0
1,0.6620000104109446,0.0
1,0.0,-0.07199999690055847
0,0.1080000028014183,0.0
0,0.02500000037252903,0.0
0,-0.5659999847412109,0.0
1,0.0,0.7739999890327454
1,0.6285000033676624,0.0
1,0.8700000047683716,0.6669999957084656
1,0.8569999933242798,0.13600000739097595
1,0.059500000439584255,0.04500000178813934
1,0.0,0.31299999356269836
1,0.0,0.31299999356269836
1,0.38200000673532486,0.0
1,0.0885000005364418,0.0
1,0.0,0.31299999356269836
1,0.8069999814033508,0.061000000685453415
1,0.8050000071525574,0.0
1,0.7329999804496765,0.4169999957084656
1,0.7419999837875366,0.0
1,0.4535000082105398,0.0
1,0.024000000208616257,0.0
0,-0.4295000145211816,0.0
1,0.5223333289225897,0.10899999737739563
1,0.7739999890327454,0.0989999994635582
1,0.6919999718666077,0.13600000739097595
1,0.0860000029206276,0.07800000160932541
1,0.0,0.8529999852180481
0,0.0,-0.8769999742507935
0,-0.0992499953135848,-0.027000000700354576
1,0.23149999976158142,-0.03500000014901161
1,0.08399999886751175,0.0
1,0.5566666647791862,0.04699999839067459
1,0.1562500074505806,0.04500000178813934
1,0.1119999997317791,0.8529999852180481
1,0.48649999499320984,0.6880000233650208
1,0.0,0.03200000151991844
1,0.0,0.26899999380111694
0,0.0,0.10899999737739563
0,0.0,-0.061000000685453415
0,0.26399999111890793,0.0
0,0.0,-0.10000000149011612
0,-0.052499997429549694,0.0
1,0.0,0.6669999957084656
1,0.578000009059906,0.10899999737739563
1,0.7789999842643738,0.0
1,-0.23499999940395355,0.6669999957084656
1,0.0,0.6669999957084656
1,0.15399999916553497,-0.8529999852180481
1,0.7789999842643738,0.0
1,-0.020499996840953827,0.0
1,0.10700000077486038,-0.03400000184774399
1,0.0,0.2540000081062317
1,0.3974999859929085,0.0
1,-0.367000013589859,0.5540000200271606
1,0.8190000057220459,0.07199999690055847
1,0.9045000076293945,0.0
1,0.8050000071525574,0.5540000200271606
0,0.10499999672174454,0.04500000178813934
0,0.0,-0.8769999742507935
0,0.061000000685453415,0.0
0,-0.2023999985307455,0.30399999022483826
0,-0.30966667644679546,-0.7730000019073486
0,0.8830000162124634,0.0
1,-0.4090000046417117,0.05299999937415123
1,0.6919999718666077,-0.0820000022649765
1,0.0,0.718999981880188
1,0.4959999918937683,0.3059999942779541
1,0.13099999725818634,0.6880000233650208
1,-0.11299999803304672,0.10000000149011612
1,-0.7919999957084656,0.0
1,0.6899999976158142,0.0
1,0.0,0.03099999949336052
1,0.05700000002980232,0.210999995470047
1,0.24600000182787576,0.10899999737739563
1,0.0823333313067754,0.0
1,0.0,0.6669999957084656
1,0.0560000017285347,0.5450000166893005
1,-0.367000013589859,-0.8149999976158142
1,0.0,0.05999999865889549
1,-0.055000003427267075,-0.08500000089406967
1,-0.012500007171183825,0.9150000214576721
1,0.22699999809265137,0.0
1,-0.09160000532865524,0.6880000233650208
1,0.22299999743700027,0.052000001072883606
1,0.5249999761581421,0.11999999731779099
1,0.0,0.1120000034570694
0,0.0,-0.9330000281333923
0,-0.8650000095367432,0.0
0,0.0,0.0949999988079071
0,0.0,0.054999999701976776
0,0.10000000149011612,-0.1379999965429306
0,-0.367000013589859,0.8330000042915344
1,0.03999999910593033,0.0
1,-0.05199999734759331,-0.8529999852180481
1,0.431249993853271,-0.7739999890327454
1,0.0,0.04699999839067459
1,0.8569999933242798,0.0
0,-0.9390000104904175,0.5379999876022339
0,-0.367000013589859,0.0
0,-0.3555000051856041,-0.7409999966621399
0,-0.1550000011920929,0.0
0,-0.2719999998807907,0.10899999737739563
0,-0.5785000026226044,0.0
0,-0.24499999980131784,0.0
0,0.0,0.4749999940395355
1,0.3569999933242798,0.05999999865889549
1,0.0,0.05999999865889549
1,-0.4329999862238765,0.10899999737739563
1,0.0,0.26899999380111694
1,0.27949999645352364,0.0
1,-0.7770000100135803,0.0
1,0.6919999718666077,0.0
1,0.16300000250339508,-0.5450000166893005
1,0.8569999933242798,0.0
0,-0.5910000205039978,0.0
0,0.03400000184774399,0.5540000200271606
0,-0.31200000643730164,0.0
0,-0.31200000643730164,0.0
0,-0.08900000154972076,0.0
0,0.0,0.5090000033378601
1,0.3569999933242798,0.0
0,0.10300000011920929,0.0
0,-0.0973333331445853,-0.5379999876022339
0,-0.029999999329447746,-0.8769999742507935
0,0.10499999672174454,0.0
0,-0.09033333758513133,0.0
0,0.04066666464010874,0.0
0,0.0,0.45399999618530273
0,0.0,-0.8769999742507935
0,-0.6190000176429749,0.07800000160932541
0,0.0,-0.8769999742507935
0,0.0,-0.1379999965429306
0,0.4753333230813344,0.11299999803304672
0,0.0,-0.9129999876022339
0,-0.8729999860127767,0.0
0,0.5980000048875809,0.061000000685453415
0,-0.6919999718666077,0.0
0,-0.1766666720310847,0.0
0,0.15700000524520874,0.7739999890327454
1,0.8050000071525574,-0.026000000536441803
1,0.0,-0.04600000008940697
0,0.0,0.054999999701976776
0,0.15399999916553497,0.1080000028014183
0,-5.000010132789612E-4,-0.210999995470047
1,0.8830000162124634,0.0
0,-0.4050000011920929,-0.7739999890327454
0,-0.6124999821186066,0.0
0,0.0,0.35499998927116394
0,0.0,-0.8349999785423279
0,0.367000013589859,0.0
0,0.15399999916553497,-0.1379999965429306
0,0.0,0.31299999356269836
0,-0.16800000704824924,0.5540000200271606
0,0.0,-0.10700000077486038
1,0.0,0.6669999957084656
1,0.44700000435113907,-0.04399999976158142
1,0.0,0.4959999918937683
1,0.1080000028014183,0.07800000160932541
0,-0.367000013589859,0.5680000185966492
0,0.2580000013113022,0.0
1,0.0,-0.0820000022649765
0,0.9210000038146973,0.0
0,-0.367000013589859,0.5379999876022339
0,-0.37400001287460327,0.0
0,-0.26899999380111694,0.0
1,0.05900000035762787,0.0
1,0.0560000017285347,-0.0
1,0.8050000071525574,-0.027000000700354576
1,-0.26100000366568565,0.07800000160932541
1,0.0,0.16200000047683716
1,0.07900000177323818,-0.1379999965429306
1,0.8050000071525574,0.0
1,0.8050000071525574,0.0
1,0.05700000002980232,0.10899999737739563
1,0.8544999957084656,0.0
1,0.0560000017285347,0.0
1,0.26899999380111694,0.6669999957084656
1,0.45649999752640724,0.8679999709129333
1,0.1469999998807907,-0.04899999871850014
1,0.6190000176429749,0.0
1,0.0,0.31299999356269836
1,0.0,0.04399999976158142
1,-0.5370000004768372,0.10000000149011612
1,0.0,0.5450000166893005
1,0.0,0.061000000685453415
1,0.1469999998807907,0.0
1,0.03500000014901161,0.6880000233650208
1,0.3293333277106285,0.0
1,-0.0860000029206276,0.0
0,0.8830000162124634,-0.8769999742507935
0,-0.367000013589859,-0.09300000220537186
0,-0.8650000095367432,0.0
1,0.0,0.11900000274181366
1,0.0,0.8299999833106995
1,0.0,0.8679999709129333
1,0.0,0.7739999890327454
1,0.44600000977516174,0.5379999876022339
1,0.22049999982118607,0.07000000029802322
1,0.28799999008576077,0.0
1,0.05700000002980232,0.0
1,0.75,0.0
1,0.0,0.7739999890327454
1,0.12999999523162842,0.0
1,0.4884999915957451,0.0
1,0.46449999511241913,0.1379999965429306
1,0.08900000154972076,0.0
0,0.25599999353289604,0.5379999876022339
0,-0.11299999803304672,0.0
0,-0.13433333734671274,0.09000000357627869
1,0.5600000023841858,0.13500000536441803
1,0.2854999974370003,0.0949999988079071
0,-0.8174999952316284,0.8330000042915344
1,0.14499999582767487,0.8679999709129333
1,0.0,0.5379999876022339
1,0.5770000219345093,0.061000000685453415
1,0.0,0.5540000200271606
1,0.28850001096725464,0.0
1,0.0,-0.7739999890327454
1,0.4399999901652336,0.0
1,0.6184999942779541,0.06499999761581421
1,0.0,0.8679999709129333
1,0.3179999962449074,0.6880000233650208
1,0.0,0.0820000022649765
1,0.0,0.5540000200271606
1,0.8569999933242798,0.0
1,0.8050000071525574,0.061000000685453415
0,-0.8769999742507935,0.13500000536441803
0,0.0,-0.6499999761581421
0,0.0,-0.8870000243186951
0,-0.367000013589859,0.0
0,0.0689999982714653,0.0
0,-0.8830000162124634,0.0
0,-0.5509999990463257,0.0
1,-0.03200000151991844,0.6669999957084656
1,0.8569999933242798,0.0
0,-0.15999999549239874,0.8330000042915344
0,0.08399999886751175,-0.13600000739097595
0,0.0,0.10899999737739563
1,0.8569999933242798,0.0
1,0.8569999933242798,0.0
1,0.13600000739097595,0.0
0,0.0,0.061000000685453415
1,0.0,0.04500000178813934
0,0.03400000184774399,-0.20000000298023224
0,0.0,0.10899999737739563
1,0.0,0.7739999890327454
0,-0.8650000095367432,0.0
0,-0.5699999928474426,0.14499999582767487
0,0.0,-0.31299999356269836
1,0.3569999933242798,0.0
1,0.05299999937415123,0.0
1,0.1469999998807907,0.26100000739097595
1,0.0,0.5960000157356262
1,0.6173333389063677,0.0
0,0.0,-0.12099999934434891
1,0.8720000088214874,0.0
0,-0.04800000786781311,0.13500000536441803
1,0.45899998769164085,0.0
0,0.061000000685453415,0.0
1,0.0,-0.8149999976158142
0,0.5906666666269302,0.0729999989271164
1,0.0,0.31299999356269836
1,0.07500000298023224,0.0
1,0.8830000162124634,0.0
0,-0.31200000643730164,0.10899999737739563
1,0.15700000524520874,0.0
1,0.0,0.19900000095367432
0,0.8830000162124634,-0.24300000071525574
0,0.2580000013113022,0.052000001072883606
1,0.4503333295385043,0.13600000739097595
1,0.06700000166893005,0.0
0,-0.1380000077188015,0.0
1,0.8830000162124634,0.035999998450279236
1,0.0,-0.8529999852180481
1,0.056000000797212124,0.0
1,0.164000004529953,0.15199999511241913
1,0.0,0.1120000034570694
1,0.8830000162124634,0.0
0,-0.9390000104904175,-0.8579999804496765
1,0.0689999982714653,0.0
1,0.6670000068843365,0.0
0,0.13899999856948853,0.0
0,0.0,0.9240000247955322
1,0.9259999990463257,0.035999998450279236
0,-0.2480000058809916,0.0
0,0.0,-0.039000000804662704
1,0.07349999994039536,0.0
1,0.4129999876022339,-0.8149999976158142
1,0.29733332991600037,0.04500000178813934
1,0.8569999933242798,0.0
1,0.1909999968484044,0.0
0,0.0,0.8330000042915344
1,0.8569999933242798,0.10000000149011612
1,0.0,0.15000000596046448
1,0.8830000162124634,0.0
0,0.0,0.8330000042915344
0,0.0949999988079071,-0.8069999814033508
1,0.48350000753998756,0.0
1,0.4540000082924962,0.0
0,0.8830000162124634,-0.054999999701976776
0,0.0,0.035999998450279236
0,-0.027000000700354576,0.028999999165534973
0,-0.02500000037252903,0.0
0,0.03433333275218805,0.05299999937415123
1,0.06300000101327896,0.04500000178813934
0,-0.5635000020265579,0.10899999737739563
1,0.3569999933242798,0.0
1,0.0,-0.23499999940395355
1,0.0949999988079071,0.0
0,-0.7450000047683716,0.0
1,0.14900000393390656,0.050999999046325684
1,0.0,0.09200000017881393
0,-0.8830000162124634,0.0
1,0.8830000162124634,0.0
1,0.2356666624546051,-0.8149999976158142
1,0.510000005364418,0.13600000739097595
1,0.0,-0.3179999887943268
1,0.10599999874830246,0.6669999957084656
1,0.5799999833106995,0.0
1,0.3319999972979228,0.8330000042915344
1,0.8050000071525574,0.0
1,0.8230000138282776,0.0
1,0.8830000162124634,0.0
0,-0.03450000286102295,0.14499999582767487
0,0.7979999780654907,-0.875
1,0.5799999833106995,0.0
1,0.0,0.03500000014901161
1,0.8830000162124634,0.0
1,0.0,0.06800000369548798
0,-0.8769999742507935,0.0
0,-0.27300000190734863,-0.7829999923706055
0,-0.3035000041127205,0.31299999356269836
0,0.0,-0.1379999965429306
1,0.5090000107884407,0.0
1,0.0,0.6669999957084656
1,0.8830000162124634,0.6299999952316284
0,-0.367000013589859,0.8529999852180481
0,0.0,-0.14300000667572021
1,0.12999999523162842,0.14300000667572021
1,0.4959999918937683,0.0
1,0.2812500046566129,0.15000000596046448
0,-0.8379999995231628,0.0
1,0.5185000076889992,0.0
1,0.8830000162124634,-0.7680000066757202
1,0.07500000298023224,0.0
0,-0.8379999995231628,0.6669999957084656
1,0.4429999962449074,0.10899999737739563
0,0.3750000149011612,0.06800000369548798
0,-0.9330000281333923,0.0989999994635582
0,-0.0034999996423721313,0.0
1,0.164000004529953,0.032999999821186066
1,0.32899999618530273,0.06400000303983688
0,-0.8650000095367432,0.09000000357627869
0,-0.8650000095367432,0.11900000274181366
0,0.0,0.04500000178813934
0,0.0,0.057999998331069946
1,0.0,0.1120000034570694
1,0.8569999933242798,0.0
0,-0.47600001096725464,-0.035999998450279236
0,0.0,0.1120000034570694
1,0.8569999933242798,0.0
1,0.6080000102519989,0.0
1,0.42100000381469727,0.0
1,0.47833333412806195,0.15199999511241913
1,0.8830000162124634,0.0
0,0.0,0.15199999511241913
0,0.015000015497207642,0.1120000034570694
1,0.0,0.024000000208616257
1,0.07000000029802322,0.10599999874830246
0,0.0,-0.8769999742507935
1,0.2770000100135803,0.0
1,0.0,0.0989999994635582
0,0.8830000162124634,-0.061000000685453415
0,-0.367000013589859,-0.04500000178813934
0,-0.3059999942779541,0.15199999511241913
1,0.0,0.07100000232458115
1,0.8870000243186951,0.0
1,0.0,0.8920000195503235
1,0.3569999933242798,0.10899999737739563
0,-0.7450000047683716,0.25
1,0.0475000012665987,0.10300000011920929
1,0.0,-0.1120000034570694
0,0.0,0.13500000536441803
0,-0.02500000037252903,0.0
0,0.0,-0.10199999809265137
0,0.0,-0.625
1,0.5130000114440918,0.6669999957084656
1,0.0,0.15199999511241913
0,0.0,-0.8069999814033508
1,0.0,0.31299999356269836
1,0.35000000335276127,0.10899999737739563
1,0.10599999874830246,0.5540000200271606
1,0.5799999833106995,0.0
0,0.0,0.09200000017881393
1,0.0,0.03099999949336052
0,0.029999999329447746,0.10100000351667404
1,0.05000000074505806,0.0
0,0.013499999418854713,0.0
0,0.0,0.7229999899864197
1,0.8870000243186951,0.0
1,0.8830000162124634,-0.6840000152587891
1,0.8569999933242798,0.0
0,0.1599999964237213,-0.8230000138282776
1,0.8870000243186951,0.04500000178813934
1,0.8830000162124634,0.0
0,0.12300000339746475,0.06199999898672104
0,-0.7450000047683716,0.0
1,-0.25050000846385956,0.0
0,0.0,-0.8299999833106995
0,0.0,0.04399999976158142
1,0.0,0.6669999957084656
1,0.8830000162124634,0.0
0,-0.8830000162124634,0.0
1,0.10599999874830246,0.0
0,-0.12149999663233757,0.0
1,0.09600000083446503,0.0
0,-0.2939999997615814,-0.13500000536441803
0,0.0,-0.2930000126361847
0,0.0,0.09399999678134918
0,0.0,0.035999998450279236
0,-0.09833333889643352,0.0
1,0.0,0.6669999957084656
1,-0.6029999852180481,0.0
1,0.1824999935925007,0.10899999737739563
1,0.3569999933242798,0.0
1,0.8050000071525574,0.10899999737739563
0,-0.09649999439716339,0.11900000274181366
0,0.4855000153183937,0.8330000042915344
1,0.0,0.5540000200271606
0,0.0989999994635582,0.04500000178813934
0,-0.21799999475479126,0.0
1,0.3569999933242798,-0.8870000243186951
0,0.0,0.04500000178813934
1,0.2644999958574772,0.13600000739097595
0,0.0,0.054999999701976776
0,-0.028999999165534973,0.0
0,0.0,-0.699999988079071
0,0.0,-0.057999998331069946
0,0.0,0.1120000034570694
1,0.12449999898672104,0.0
1,0.0,0.09200000017881393
1,-0.5389999747276306,0.14300000667572021
0,0.0,0.8299999833106995
1,0.8569999933242798,0.0
1,0.06466666733225186,0.0
0,0.22100000083446503,-0.061000000685453415
1,0.4665000084787607,0.0
1,0.09700000286102295,0.0
1,0.5799999833106995,0.0
0,0.0989999994635582,0.04500000178813934
1,0.0,0.10899999737739563
0,-0.703000009059906,0.0
1,0.0,0.296999990940094
0,-0.7289999723434448,-0.027000000700354576
1,0.42900000512599945,0.0
1,0.3204999901354313,0.0
1,0.10599999874830246,0.03200000151991844
1,0.8830000162124634,0.0
0,-0.9330000281333923,0.0
1,-0.7630000114440918,0.0
1,0.0,-0.3179999887943268
1,0.8870000243186951,-0.8650000095367432
1,0.8850000202655792,0.0
0,0.7020000219345093,0.0
1,0.8679999709129333,0.31299999356269836
0,0.0,-0.061000000685453415
0,-0.02500000037252903,-0.8330000042915344
1,0.0,0.9330000281333923
0,0.0,-0.035999998450279236
1,0.0,0.7739999890327454
0,-0.7630000114440918,-0.07199999690055847
0,0.0,-0.035999998450279236
1,0.3569999933242798,0.0
0,-0.9330000281333923,-0.026000000536441803
0,0.0,-0.8330000042915344
0,-0.8650000095367432,-0.1379999965429306
1,0.8569999933242798,0.0
0,0.04500000178813934,-0.9330000281333923
1,0.10599999874830246,-0.1379999965429306
1,0.08399999886751175,0.03200000151991844
0,0.0,0.04500000178813934
1,0.12999999523162842,0.6669999957084656
0,0.0,0.09399999678134918
1,0.6895000040531158,0.0
1,0.8830000162124634,0.0
0,0.0,0.13600000739097595
0,-0.3059999942779541,0.08299999684095383
0,-0.8769999742507935,0.0
0,-0.5809999704360962,0.0
0,-0.1550000011920929,0.31299999356269836
1,0.0820000022649765,0.09399999678134918
1,0.8830000162124634,-0.210999995470047
1,0.5799999833106995,0.0
0,0.02500000037252903,0.15199999511241913
1,0.8830000162124634,0.0
1,0.47099999710917473,0.10899999737739563
0,-0.8379999995231628,0.0
0,0.0,-0.07199999690055847
1,0.2700000051409006,0.0
1,-0.06266666452089946,-0.03099999949336052
1,0.0,0.10899999737739563
1,0.2029999941587448,0.0
1,0.3569999933242798,0.14300000667572021
1,0.5770000219345093,0.0
1,-0.2980000041425228,0.0
1,0.9330000281333923,0.0
1,0.06450000405311584,0.08500000089406967
0,-0.5479999929666519,0.8330000042915344
0,-0.5230000019073486,0.11900000274181366
1,0.6480000019073486,0.0
1,0.5799999833106995,0.13600000739097595
0,-0.8769999742507935,0.0
1,0.0,0.6669999957084656
0,-0.49799998104572296,-0.0
0,0.0,0.8330000042915344
0,0.10499999672174454,0.0
1,0.8569999933242798,0.0
1,0.08399999886751175,0.0
1,0.12999999523162842,0.5090000033378601
1,0.8830000162124634,0.878000020980835
1,0.08399999886751175,0.0
1,0.11400000005960464,0.0989999994635582
0,0.0,0.08699999749660492
0,-0.9020000100135803,0.0
1,0.10499999672174454,0.04500000178813934
0,0.0,-0.13500000536441803
1,0.10599999874830246,0.0
1,0.48400000110268593,0.04500000178813934
0,0.0,-0.8769999742507935
1,0.4555000029504299,0.0
1,0.164000004529953,0.0
0,-0.11299999803304672,0.13699999451637268
1,0.1509999930858612,0.13600000739097595
1,0.0,0.3959999978542328
0,0.0,0.06199999898672104
1,0.47699999809265137,0.06300000101327896
0,0.0,-0.054999999701976776
1,0.0,0.1120000034570694
1,0.8569999933242798,0.0
0,-0.367000013589859,0.03099999949336052
0,0.0,-0.02500000037252903
1,0.06999999657273293,0.06400000303983688
1,0.1379999965429306,0.31299999356269836
0,0.0,0.13500000536441803
1,0.5244999825954437,0.0
0,-0.5563333431879679,0.08500000089406967
1,0.8569999933242798,0.0
1,0.0,0.7739999890327454
0,-0.9020000100135803,0.0
0,0.0,0.04600000008940697
0,0.0,-0.7739999890327454
1,0.0,0.1120000034570694
1,0.0,0.1120000034570694
1,0.3265000060200691,0.04500000178813934
1,0.0,0.11299999803304672
1,0.8569999933242798,0.0
1,0.22750000655651093,0.0
1,0.22499999590218067,0.11900000274181366
1,-0.6470000147819519,-0.07800000160932541
0,-0.7289999723434448,-0.31299999356269836
1,0.8569999933242798,0.0
1,0.3710000067949295,0.0
1,0.0,0.035999998450279236
0,-0.9330000281333923,0.0
0,0.0,0.1379999965429306
1,-0.5659999847412109,0.0989999994635582
1,0.12800000235438347,0.061000000685453415
0,-0.16899999976158142,0.03099999949336052
1,0.5800000131130219,0.8330000042915344
1,0.5799999833106995,0.0
1,0.0,-0.1379999965429306
1,-0.2214999943971634,0.1120000034570694
0,0.0,0.04500000178813934
1,0.9330000281333923,0.39800000190734863
0,-0.466499999165535,0.13500000536441803
0,0.0,0.04500000178813934
0,0.0,-0.8769999742507935
1,0.0,0.8679999709129333
1,0.05400000140070915,0.061000000685453415
1,0.16166668136914572,0.061000000685453415
1,0.12400000169873238,0.0
0,0.061500001698732376,0.0
0,0.0,0.8149999976158142
0,0.0,0.31299999356269836
1,0.8830000162124634,0.0
0,0.0,-0.4350000023841858
1,0.0,0.1120000034570694
0,0.0,-0.1120000034570694
1,0.03400000184774399,0.6669999957084656
1,0.49150001257658005,0.0
0,0.0,0.15199999511241913
1,0.5799999833106995,0.0
0,-0.30225000716745853,0.0
1,0.0,0.1120000034570694
1,-0.5389999747276306,0.31299999356269836
1,0.07049999944865704,0.5640000104904175
1,-0.7929999828338623,0.06800000369548798
0,0.0,0.13500000536441803
1,0.0,0.6669999957084656
1,0.8050000071525574,0.0
0,0.10499999672174454,0.0
1,0.07149999961256981,0.0
1,0.10000000149011612,-0.12300000339746475
0,-0.7440000176429749,0.0
1,0.10599999874830246,0.5640000104904175
1,0.8569999933242798,0.035999998450279236
0,0.0,-0.061000000685453415
0,0.04966666301091512,0.0
0,-0.13900000602006912,0.026000000536441803
0,0.0,0.11100000143051147
1,0.5365000013262033,0.8679999709129333
1,0.8569999933242798,0.061000000685453415
1,0.0,0.6669999957084656
0,0.0,-0.057999998331069946
1,0.13933333506186804,0.0
1,0.1080000028014183,0.0
1,0.24650000035762787,0.0
1,0.4109999854117632,0.0
0,0.0,-0.061000000685453415
0,0.07699999958276749,0.8330000042915344
1,0.15700000524520874,0.9330000281333923
0,-0.31200000643730164,0.07100000232458115
1,0.8569999933242798,0.0
0,0.0,0.054999999701976776
0,0.14800000190734863,0.0
0,0.13699999451637268,0.0
1,0.0,0.8679999709129333
1,0.0,-0.057999998331069946
1,0.0,0.10100000351667404
1,0.0,0.6669999957084656
0,0.0,0.03099999949336052
1,0.0,-0.8149999976158142
0,0.08399999886751175,-0.13600000739097595
1,0.008999999612569809,0.0
1,0.11699998378753662,0.31299999356269836
0,0.0560000017285347,0.061000000685453415
0,0.8830000162124634,0.1120000034570694
1,0.7789999842643738,0.0
1,0.8830000162124634,-0.13899999856948853
0,0.0,-0.8820000290870667
1,0.0,0.09799999743700027
1,0.032999999821186066,0.0
0,0.0,-0.8349999785423279
1,0.49000000953674316,0.0
1,0.1315000019967556,0.0
1,0.3515000082552433,0.0
1,0.1926666647195816,0.13600000739097595
0,0.0,0.0989999994635582
1,0.8830000162124634,0.0
1,0.8870000243186951,0.0
0,0.0,-0.7739999890327454
0,-0.7929999828338623,0.0
0,0.0,-0.02800000086426735
0,-0.9020000100135803,0.0
0,0.0,-0.9330000281333923
1,0.03700000047683716,0.10899999737739563
1,0.2980000078678131,0.04500000178813934
1,0.0,0.10599999874830246
1,0.578000009059906,0.0
1,0.5060000047087669,0.0
0,0.0,0.8330000042915344
1,0.4558000028133392,0.0
0,0.0,-0.061000000685453415
1,0.9330000281333923,0.04899999871850014
0,-0.1599999964237213,0.0
0,0.12300000339746475,0.0
1,0.3569999933242798,0.0
0,-0.5770000219345093,0.0
1,0.0,0.15199999511241913
1,0.15700000524520874,0.035999998450279236
1,0.164000004529953,0.0
1,0.4665000084787607,0.0
1,0.39899998530745506,0.13899999856948853
0,-0.9020000100135803,0.0
1,0.4793333287040393,0.0
0,0.0,0.04500000178813934
1,0.7319999933242798,0.0
0,0.054999999701976776,0.0
1,0.3569999933242798,0.1080000028014183
0,0.0,-0.035999998450279236
1,0.08399999886751175,0.0
0,-0.028999999165534973,-0.04500000178813934
0,-0.7870000004768372,0.0989999994635582
1,0.03500000014901161,0.0
1,0.13733333659668764,0.13899999856948853
0,0.9259999990463257,0.0
0,-0.2669999897480011,0.0
1,-0.1445000022649765,0.1120000034570694
1,-0.3555000051856041,0.7739999890327454
1,0.0,0.7739999890327454
0,-0.4365000054240227,0.04399999976158142
0,-0.36000000685453415,0.0
0,0.0,0.1379999965429306
0,0.0,-0.04500000178813934
1,0.10599999874830246,0.0
0,-0.02500000037252903,0.0
0,-0.41499999165534973,0.7229999899864197
1,0.8830000162124634,0.0
1,0.46299999579787254,0.23800000548362732
1,0.8569999933242798,0.0
0,0.0,-0.7739999890327454
0,0.0,0.8230000138282776
1,0.10599999874830246,0.0
0,0.0,0.11900000274181366
0,0.1679999977350235,0.0
0,-0.38199999928474426,0.04699999839067459
0,0.0,-0.035999998450279236
1,0.4959999918937683,0.06800000369548798
1,0.164000004529953,0.06800000369548798
0,0.3730000089854002,0.13600000739097595
0,0.0,0.04500000178813934
1,0.8830000162124634,0.0
1,0.466500012204051,0.0
1,0.13000000268220901,0.08500000089406967
0,0.03400000184774399,0.0
0,0.0,0.16200000047683716
0,0.0,0.061000000685453415
1,0.0,0.7739999890327454
0,0.0,0.07199999690055847
1,0.7325000017881393,0.0
1,0.0,0.39800000190734863
0,-0.27300000190734863,-0.8349999785423279
1,0.11166665454705556,-0.7590000033378601
0,-0.5509999990463257,0.0
1,0.8569999933242798,0.13500000536441803
1,0.5925000160932541,0.0
1,0.0,0.7229999899864197
0,-0.7440000176429749,0.0
0,0.012666667501131693,0.0
1,0.10100000351667404,0.13600000739097595
0,-0.029999999329447746,0.8330000042915344
1,0.05400000140070915,0.0
1,0.22300000488758087,0.8679999709129333
0,-0.8830000162124634,0.0
1,0.0,-0.8920000195503235
0,0.0,0.09200000017881393
1,0.865666667620341,0.0
1,0.49399998784065247,-0.5640000104904175
1,0.8830000162124634,0.0
1,0.7789999842643738,0.0
0,0.0,0.03099999949336052
1,0.9330000281333923,0.10899999737739563
0,0.0,-0.0989999994635582
0,0.09000000357627869,0.06800000369548798
0,0.13699999451637268,0.8330000042915344
0,0.0,-0.8330000042915344
1,0.2770000100135803,0.03200000151991844
1,0.3569999933242798,0.0
0,0.0,-0.31299999356269836
0,-0.27300000190734863,0.04500000178813934
1,0.8830000162124634,0.10899999737739563
0,0.0,-0.14300000667572021
0,-0.02500000037252903,0.13600000739097595
0,-0.7450000047683716,0.0
1,0.14400000125169754,0.0
0,0.0,0.8529999852180481
1,0.0,0.09200000017881393
1,0.578000009059906,0.0
0,-0.36499999836087227,0.11500000208616257
0,0.0,0.10899999737739563
0,0.12200000137090683,0.5640000104904175
1,0.3140000060200691,0.12099999934434891
1,0.3239999935030937,0.0989999994635582
1,0.8830000162124634,0.13600000739097595
0,-0.367000013589859,0.0
0,0.0,0.1120000034570694
1,0.0,0.550000011920929
0,0.0,0.04500000178813934
1,0.06366666158040364,0.0560000017285347
0,0.0,-0.035999998450279236
1,0.8830000162124634,0.0
1,0.8830000162124634,0.0
0,0.0,-0.0989999994635582
1,0.3436666751901309,0.0
0,-0.05049999803304672,0.0
0,0.0,0.07000000029802322
0,-0.367000013589859,0.0
0,0.07100000232458115,0.0
1,0.8569999933242798,0.0
0,0.0,0.15199999511241913
1,0.7789999842643738,0.8190000057220459
1,-0.7289999723434448,0.8330000042915344
0,0.0,-0.06499999761581421
1,0.2529999911785126,0.0
0,0.03400000184774399,0.0
1,0.5770000219345093,0.6700000166893005
1,0.7994999885559082,0.24500000476837158
1,0.3569999933242798,0.6669999957084656
1,0.04500000178813934,0.07800000160932541
1,0.5230000093579292,0.0
1,0.8569999933242798,0.0
1,0.06599999964237213,0.0
1,0.49225000478327274,0.0
1,0.032999999821186066,0.0
1,0.5569999814033508,0.13500000536441803
1,0.22100000083446503,0.07100000232458115
0,0.0,0.09099999815225601
1,0.0,0.9330000281333923
0,0.0,-0.8769999742507935
1,0.8880000114440918,0.0
1,0.0,0.7789999842643738
1,0.5799999833106995,0.0
1,0.0,0.035999998450279236
0,0.0,0.13600000739097595
1,0.8569999933242798,0.7739999890327454
0,-0.4490000046789646,0.0
1,0.0,0.04500000178813934
0,0.0,-0.8579999804496765
1,0.3569999933242798,0.0
1,0.8700000047683716,0.0
1,0.8830000162124634,-0.029999999329447746
0,0.14800000190734863,-0.875
1,-0.04600000008940697,0.10899999737739563
1,0.3435000032186508,0.0
1,0.3569999933242798,0.0
1,0.8830000162124634,0.0
1,0.3569999933242798,0.0
0,0.8140000104904175,0.0
1,0.4959999918937683,0.0
1,0.8830000162124634,0.04500000178813934
0,-0.8650000095367432,0.0
0,-0.2880000174045563,0.210999995470047
0,0.0,-0.15299999713897705
0,-0.47600001096725464,0.0
0,0.0,0.210999995470047
0,-0.035999998450279236,0.1120000034570694
0,0.0,-0.3370000123977661
1,0.7789999842643738,0.0
1,0.09400000174840291,0.0
1,0.8870000243186951,0.12099999934434891
0,0.0,0.7739999890327454
0,0.0,-0.7739999890327454
1,0.0,0.31299999356269836
0,-0.06600001454353333,0.8330000042915344
1,0.44600000977516174,0.0
0,0.0,0.023000000044703484
1,0.0,0.6669999957084656
1,-0.09824999049305916,0.0
1,0.164000004529953,0.0
0,0.0,-0.8069999814033508
0,-0.2159999900807937,0.15199999511241913
1,-0.03149998188018799,0.0
1,-0.09099999070167542,0.0
1,0.8569999933242798,0.0
1,0.10499999672174454,0.15199999511241913
1,0.0,0.7789999842643738
1,0.7789999842643738,0.0
1,0.164000004529953,-0.210999995470047
1,0.05000000074505806,0.0
1,0.8830000162124634,0.061000000685453415
0,0.0,0.12099999934434891
1,0.0,0.31299999356269836
1,0.0,0.08500000089406967
0,0.0,-0.7739999890327454
0,-0.367000013589859,0.07400000095367432
1,0.33900000775853795,0.04500000178813934
1,0.050999999046325684,0.6669999957084656
1,0.0,-0.5899999737739563
1,0.32899999618530273,0.7229999899864197
0,0.0,0.13600000739097595
0,0.8830000162124634,0.052000001072883606
1,0.13249999657273293,0.7229999899864197
1,0.07500000298023224,0.15199999511241913
0,0.0,0.04699999839067459
1,0.3513333350419998,0.10899999737739563
1,0.7929999828338623,0.8679999709129333
1,-0.03366666783889135,0.0
1,0.578000009059906,-0.0
1,0.0,0.8330000042915344
0,0.0,-0.8679999709129333
1,0.0,-0.02800000086426735
0,0.0,-0.035999998450279236
1,0.8569999933242798,0.0989999994635582
1,0.8830000162124634,0.0
0,-0.10899999737739563,0.0
1,0.8830000162124634,0.0
0,-0.32899999618530273,0.0
0,-0.367000013589859,0.0
1,0.2980000078678131,0.0
0,0.0,0.13600000739097595
1,-0.7289999723434448,0.0
1,0.3569999933242798,0.0
1,0.6690000146627426,0.0
0,-0.5630000084638596,0.0
1,0.8569999933242798,0.0
0,0.05199999921023846,-0.0
0,-0.8650000095367432,-0.4749999940395355
1,0.3569999933242798,0.0
0,0.03549999836832285,0.0
1,0.8830000162124634,0.15199999511241913
0,-0.5809999704360962,0.0
0,-0.367000013589859,0.0
0,-0.8830000162124634,0.0
1,0.7789999842643738,0.12999999523162842
0,0.8830000162124634,0.08500000089406967
0,0.0,0.3179999887943268
0,0.0,-0.1120000034570694
1,0.06825000047683716,0.0
1,0.6136666735013326,0.0
1,0.0689999982714653,0.10999999940395355
0,0.45650000777095556,0.1120000034570694
1,0.32099999114871025,0.0
0,-0.367000013589859,0.0989999994635582
1,0.08900000154972076,0.11299999803304672
1,0.48350000753998756,0.0
1,0.8569999933242798,0.0
1,0.0,0.3370000123977661
1,0.8870000243186951,0.0
0,-0.4359999895095825,0.0
1,0.164000004529953,0.0
1,0.10599999874830246,0.0
0,-0.37566667050123215,-0.4169999957084656
1,0.0,0.0989999994635582
0,0.052000001072883606,0.1120000034570694
1,0.0,0.15199999511241913
1,0.4309999942779541,0.1120000034570694
0,-0.7459999918937683,-0.16500000655651093
0,-0.9020000100135803,0.0
0,-0.7139999866485596,0.0
0,0.0,0.06700000166893005
1,0.0,0.6669999957084656
0,-0.9020000100135803,0.0
1,-0.2305000089108944,0.0
0,0.0,0.13600000739097595
0,0.0,-0.03500000014901161
0,0.0,-0.0989999994635582
0,0.0,0.054999999701976776
1,-0.20099999010562897,-0.05400000140070915
1,0.13500000536441803,0.0
0,0.0,-0.37400001287460327
0,-0.9390000104904175,0.0
0,-0.7289999723434448,0.061000000685453415
0,0.02500000037252903,0.0
0,0.0,-0.8149999976158142
0,0.0,0.07800000160932541
0,-0.38199999928474426,0.0
0,0.0,0.061000000685453415
1,0.8850000202655792,0.10899999737739563
1,0.4959999918937683,0.0
0,-0.9020000100135803,-0.10899999737739563
1,0.8569999933242798,0.0
0,-0.02500000037252903,0.20000000298023224
0,-0.11299999803304672,-0.5139999985694885
1,0.0,0.04500000178813934
0,0.0,0.210999995470047
1,0.8830000162124634,0.1120000034570694
1,0.08900000154972076,0.0989999994635582
0,-0.5809999704360962,-0.23800000548362732
0,0.0,-0.7739999890327454
1,0.7789999842643738,0.02500000037252903
0,0.0,0.32100000977516174
0,-0.236499996855855,0.0
1,0.8569999933242798,0.0
1,0.578000009059906,0.0820000022649765
1,0.4054999966174364,0.0
0,0.027000000700354576,-0.8679999709129333
0,0.0,-0.061000000685453415
1,0.5775000005960464,0.0
1,0.0,0.8330000042915344
0,0.0,-0.1120000034570694
1,0.16033334533373514,0.0
1,0.8569999933242798,0.0
0,0.045666664838790894,0.03200000151991844
1,0.0,0.6669999957084656
1,0.0,0.11900000274181366
1,0.0,0.04500000178813934
1,0.44299999872843426,-0.8529999852180481
1,0.8569999933242798,0.1120000034570694
0,-0.39000000432133675,0.0
0,0.0,0.04500000178813934
0,0.0,0.0989999994635582
1,0.5180000029504299,0.16200000047683716
1,0.0,0.08699999749660492
1,0.0,0.09200000017881393
1,0.215999998152256,0.6669999957084656
0,-0.4233333468437195,0.07100000232458115
0,0.0560000017285347,-0.8149999976158142
0,-0.9020000100135803,0.0
1,0.0,0.8679999709129333
0,0.06649999786168337,0.15199999511241913
0,0.07000000029802322,0.5640000104904175
0,0.0,0.0989999994635582
0,-0.8650000095367432,0.0
0,0.0,0.8330000042915344
1,0.09849999751895666,0.0
0,0.0,-0.11100000143051147
1,0.0,0.04500000178813934
1,0.0,0.12999999523162842
1,0.0,0.8330000042915344
1,0.7175000011920929,-0.8529999852180481
1,0.8830000162124634,0.0
1,0.8830000162124634,0.0
0,-0.13100001215934753,0.0
1,0.8569999933242798,0.0
0,0.0,0.0949999988079071
1,0.2739999946206808,0.0
0,0.0,0.2840000092983246
0,-0.5910000205039978,0.0
0,-0.16899999976158142,0.0
0,0.0,0.06199999898672104
0,-0.7450000047683716,0.0
1,0.3569999933242798,0.0
0,0.0,-0.14300000667572021
1,0.1080000028014183,0.0
0,0.31299999356269836,-0.23800000548362732
0,-0.3059999942779541,0.0
0,0.03400000184774399,-0.8579999804496765
0,0.0,0.04699999839067459
0,0.0,-0.3370000123977661
0,0.12600000202655792,-0.31299999356269836
0,0.0,0.296999990940094
0,0.0,0.8330000042915344
0,0.12199999764561653,0.12099999934434891
0,0.2256666695078214,0.0430000014603138
0,-0.47600001096725464,-0.0
0,-0.41499999165534973,0.0
1,0.39899998903274536,0.0989999994635582
0,0.03099999949336052,0.0
0,0.0,-0.8080000281333923
0,-0.367000013589859,0.10000000149011612
0,0.0,0.12099999934434891
0,0.0,0.10899999737739563
0,-0.7450000047683716,0.0
0,-0.8830000162124634,0.0
0,-0.9020000100135803,-0.035999998450279236
0,0.0,0.16200000047683716
0,0.09950000047683716,0.0
0,0.0,-0.2930000126361847
0,0.03200000524520874,0.0
0,0.0,0.4749999940395355
0,0.03400000184774399,0.07199999690055847
0,0.5799999833106995,-0.0989999994635582
0,-0.37400001287460327,0.0
0,-0.8650000095367432,0.024000000208616257
0,-0.8830000162124634,0.0
0,-0.02500000037252903,0.0
0,-0.7440000176429749,-0.10199999809265137
0,0.08399999886751175,-0.2930000126361847
0,-0.9330000281333923,0.0
0,-0.9390000104904175,0.0
0,0.07100000232458115,0.061000000685453415
0,0.7979999780654907,0.1379999965429306
0,-0.4436666667461395,0.0
0,0.04899999871850014,-0.7229999899864197
0,-0.029999999329447746,0.0
0,0.0,0.1120000034570694
0,0.0,0.1120000034570694
0,0.15399999916553497,0.0
0,-0.6025000065565109,0.07900000363588333
0,0.0,0.0989999994635582
0,0.47699999809265137,0.08500000089406967
0,0.0,0.5640000104904175
0,-0.9330000281333923,0.09200000017881393
0,0.05299999937415123,0.035999998450279236
0,-0.22599999979138374,-0.8769999742507935
0,0.26249998807907104,0.10899999737739563
0,0.0,-0.31299999356269836
0,0.0,-0.08900000154972076
0,0.0,0.10999999940395355
0,0.10000000149011612,-0.1379999965429306
0,0.0,-0.8579999804496765
0,0.0,0.14300000667572021
0,-0.8830000162124634,0.0
0,0.0,-0.8069999814033508
0,0.878000020980835,0.04600000008940697
0,-0.367000013589859,0.31299999356269836
0,0.0,0.8330000042915344
0,0.0,-0.11299999803304672
0,0.0,0.13600000739097595
0,-0.7289999723434448,0.0989999994635582
0,-0.08399999886751175,0.10700000077486038
0,-0.5659999847412109,0.3179999887943268
0,0.0,0.19599999487400055
0,0.0,-0.8320000171661377
0,0.03400000184774399,-0.2930000126361847
0,0.7139999866485596,-0.45500001311302185
0,0.0,-0.8769999742507935
0,-0.02500000037252903,0.1120000034570694
0,0.0,0.0949999988079071
0,0.04399999976158142,-0.8149999976158142
0,-0.37400001287460327,0.0
0,-0.9330000281333923,-0.0
0,0.0,-0.2930000126361847
0,0.0,-0.3370000123977661
0,0.0,0.061000000685453415
0,0.0,0.12099999934434891