1,-0.03642493350939317,0.0377455624667081,0.04441895049351912
1,-0.011175878345966339,0.0398589164018631,-0.01923825889825821
1,0.05179415345191955,-0.031625330448150635,-1.5743871529897053E-4
1,-0.02308571764401027,-0.039997252502611706,0.08662328975541252
1,0.030056469715558566,0.05075034269919762,0.01141708860030541
1,-0.009621890385945638,-0.011303361256917317,-0.033982619643211365
1,-0.021711804966131846,-0.011374894777933757,-0.03389574280556511
1,-0.009120946893325219,0.06244846490713266,0.0707357908998217
1,-0.0019265200410570418,-0.02218059343951089,-0.018307147547602654
1,0.02856780767440796,0.00346830278635025,0.023958217214654992
1,-0.029050054875287144,0.0433282581242648,-0.14961314472285184
1,-0.014878171185652414,-0.020793889462947846,-0.008329799070077784
1,-0.018910832703113556,0.04506904259324074,-0.02679918623632855
1,-0.11980265804699489,-0.01957265074763979,0.054628332455952965
1,-0.06756103783845901,0.02777008091410001,0.05864397493692545
1,-0.1434259255017553,-0.11976275805916105,-0.011996170040220022
1,0.11774485219608653,-0.027720288796858353,-0.0020383081652901387
1,0.01820661586064559,-0.012798419365516076,0.05410894751548767
1,-0.005991540583116668,-0.004638493061065674,-0.03240424394607544
1,0.02917524359442971,0.003005734221501784,0.07503867894411087
1,-0.008837461471557617,0.08674751222133636,-0.09052621253899165
1,-0.11875360459089279,0.016687830289204914,-0.029665617780251938
1,-0.04040856659412384,0.05143415555357933,0.0497928224503994
1,-0.041847229624787964,0.006317097693681717,0.03646546761904444
1,0.015444394201040268,-0.01372537761926651,-0.022619570295015972
1,-0.04404817447066307,-0.015276601910591126,0.06546112149953842
1,0.013507618010044098,-0.001803576946258545,0.06396016677220663
1,-0.007248226801554362,0.04796390732129415,0.046847512324651085
1,-0.006254947998306968,-2.9189749197526413E-4,0.030606931696335476
1,0.003384642923871676,0.001104484001795451,0.047726874550183616
1,0.006918464104334513,0.09569509029388427,-0.04080773451749016
1,-0.06635612100362778,-0.010730111598968506,0.07007106145222981
1,0.013795999544007438,0.0643158672111375,0.035609978650297434
1,-0.07052607248936381,-0.004171426807131086,0.03660849907568523
1,0.046036017792565484,0.05581524968147278,0.0690521193402154
1,-0.033101875048417315,-0.03727832150000792,0.024129260044831496
1,-0.049647738987749275,0.05284975604577498,-0.024913502427247856
1,0.10538729031880696,0.04352127015590668,-0.1223682959874471
1,0.010882952809333801,0.007657557725906372,0.08466186622778575
1,0.02059537172317505,-0.02064128816127777,0.05414701727303592
1,0.0033427634659935444,0.07072559349677142,0.025701249639193218
1,-0.01842210728388566,0.03960077120707585,0.05819621043545859
1,-0.07370616814919881,0.03434803230421884,0.023545536611761366
1,0.03229268888632456,0.046843014160792035,0.0246977170308431
1,-0.027823470532894135,0.018676217645406723,0.048027969896793365
1,-0.018386154071144436,0.02403279118563818,0.03976848597327868
1,-0.05607744678854942,0.016072262078523636,0.03492688238620758
1,-0.040387580171227455,-0.029651740565896034,0.009119139984250069
1,-0.071888767182827,-0.029158721367518108,0.08614551524321239
1,-0.03841106096903483,-0.04507329066594442,0.13900375366210938
1,0.0028062661488850913,-0.078703207274278,-0.05749065180619558
1,0.05292334655920664,0.025191903114318848,0.09961629658937454
1,0.005501988861295912,-0.007960998349719577,0.01987053155899048
1,-0.022774773836135864,0.09177667200565338,0.004590970277786255
1,-0.017224433747204868,0.026184558868408203,0.06483076512813568
1,-0.047932200961642794,-0.034083396196365356,-0.013933509588241577
1,0.051211774349212646,-0.030316568911075592,0.08164643943309784
1,-0.11716854261855285,0.027985879530509312,-0.02551168776475466
1,0.10958183705806732,0.06678862273693084,0.00987310233441266
1,-0.008945655822753907,0.1494108557701111,0.11485186219215393
1,0.028152027726173402,0.07942724823951722,0.009704399853944778
1,0.004686815398080009,-6.331524678639003E-4,-0.029392316937446594
1,0.006652673085530599,0.06849532723426818,0.018654895179411945
1,0.055125243961811066,-0.03572630137205124,0.10426067188382149
1,0.005575858056545258,0.003210926428437233,0.008360731601715087
1,0.08661213715871176,0.027014850080013274,0.06878628768026829
1,0.09013811647891998,0.003563913702964783,0.03232952139594338
1,0.02413467566172282,-0.04021515448888143,0.18095123022794724
1,0.08692589402198792,0.0021392575332096647,0.10156376446996417
1,-0.07162710508474937,0.011493552189606886,-0.04239786522729056
1,0.013039780656496684,0.00617866317431132,0.057356417179107666
1,0.005976080894470215,0.07315756678581238,0.03544803602354867
1,0.10813916847109795,-0.10620152531191707,0.05730065330862999
1,0.0031499632380225444,0.019053398885510185,-0.017812479626048695
1,-0.06461643156680194,0.09451482783664357,-0.09944122781356175
1,0.06967072586218516,-0.08880639423926671,-0.0417975385983785
1,-0.008845578879117966,-0.09538755379617214,0.09670398963822259
1,0.07424615110669817,0.005771155868257795,0.09748510271310806
1,0.02897563874721527,0.02246235907077789,0.017882637679576874
1,-0.015693097478813596,-0.05210980296962791,0.047724658995866774
1,0.03282218745776585,-0.08607980396066393,0.0076444872788020545
1,0.01376620266172621,-0.04859732919269138,0.04871103465557099
1,0.05888858437538147,-0.05106907586256663,-0.05638943985104561
1,-0.07365549777944883,-0.057682053496440254,0.005749346688389778
1,-0.009702876210212708,-0.07579579297453165,0.04094210863113403
1,-0.05267472957309924,-0.056252180353591315,0.06458361233983721
1,-0.0020125017446630143,0.0478494636276189,-0.008329365402460098
1,0.05040673414866129,0.04371778087483512,0.010293357074260712
1,0.0197589567729405,0.031449094414711,0.06115695834159851
1,0.037312070528666176,-0.0314920162782073,0.037988204043358564
1,0.028495674783533268,0.07133525068109686,-0.0059604564538368815
1,-0.021242062960352217,0.0651627140385764,-0.121811518445611
1,-0.029199103203912575,-0.01910685996214549,-0.057979266558374674
1,-0.010491602695905246,0.024124404558768638,0.00564510722955068
1,-0.0444886788725853,-0.04493745267391205,0.004921236634254455
1,0.026984623736805387,0.07678815846641858,0.039932773301475925
1,-0.032250081913338766,-0.06762945652008057,0.03281506564882067
1,0.06360386560360591,0.03193208326896032,0.10948789616425832
1,0.08932702669075557,0.06618041438715798,0.05237065255641937
1,-0.21234270930290222,-0.07700205097595851,-0.07413288525172643
1,0.04033960650364558,-0.11142230158050855,0.031659829119841255
1,7.299736142158508E-4,5.3291916847229E-4,0.04654611945152283
1,0.01643479863802592,-0.11684749523798625,-0.05696619302034378
1,0.008113258414798312,-0.062045344048076205,-0.04905072185728285
1,0.006175360896370627,-0.04634167795831507,0.05557024749842557
1,0.0745053231716156,-0.028181087970733643,0.05988525599241257
1,-0.06474064663052559,0.04086808115243912,-0.00493377298116684
1,1.4654440539223806E-4,-0.08592773175665311,-0.03517093230038881
1,0.02190043528874715,-0.04040615757306417,0.07676440051623754
1,0.008410671582588783,0.057178374666434065,0.004995186414037432
1,-0.02483627696832021,0.04884010056654612,-0.03452570550143719
1,-0.05698893070220947,-0.00803881287574768,0.058530169725418094
1,0.005999153852462769,0.0161483367284139,-4.3915808200836184E-4
1,0.04646512766679128,0.05835977792739868,-0.033486407498518625
1,0.03882503882050514,-0.005088372156023979,0.09525833760990816
1,0.03901036083698273,0.06169333557287852,0.019304009420531138
1,0.08632753383029591,-0.0014701919122175736,-0.04058240167796612
1,-0.015418287366628647,-0.016025055199861526,0.028394645452499388
1,0.05217302143573761,0.11101667881011963,0.13761281743645667
1,0.0032498687505722046,0.022114937504132588,0.03446799019972483
1,-0.015278081595897674,0.020685711689293385,-0.03437077573367527
1,0.10161514083544414,0.0535756399234136,0.04852424697442488
1,-0.004335394927433559,0.04476570657321385,0.11888528721673149
1,-0.026745628033365523,0.06420648310865675,0.05024282421384539
1,0.014848808447519938,0.08761114378770192,0.09122140492711749
1,-0.06453522188322884,-0.04616465100220272,-0.004295960068702698
1,0.05373631591598193,0.06096612314383189,0.05097876664470224
1,-0.03435802459716797,0.09332417164530073,0.010287128388881683
1,0.06958191990852355,-0.013923749327659607,0.06666781306266785
1,-1.9398828347524006E-5,0.026453317867385015,0.034189820877815545
1,-0.03267855644226074,-0.059802621603012085,-0.012016528844833374
1,-0.044793451470988135,-0.0074728674122265405,-0.022322728236516317
1,0.033526892960071566,0.05083849430084229,-0.03165252010027567
1,0.04765867292881012,-0.06794928461313247,0.05579307675361633
1,0.10313338355014198,0.057537497658478584,0.020560259097500852
1,-0.011475713178515434,-0.06863394156098365,0.020852348208427428
1,-0.08229875908448146,-0.0032179315502826986,-0.09690499917737075
1,-0.057292507588863374,0.025249692797660827,-0.02495974979617379
1,-0.020355033874511718,0.030466467142105103,0.09169921278953552
1,-0.012233525514602661,0.0654289722442627,-0.0063807666301727295
1,-0.045121060891283885,0.02221599304013782,0.04017999226396734
1,0.03987396955490112,0.05244629681110382,0.10572529380971735
1,0.055428290367126466,-0.0218190997838974,0.01772507754239169
1,0.03625713586807251,5.418300628662109E-4,-0.028156683526255867
1,0.02632215890017423,0.02565737475048412,0.05927598476409912
1,0.06740045547485352,-0.029923809426171438,-0.0021569795078701442
1,-0.01725158343712489,-0.011136854688326517,0.09722833832105
1,-0.022842104236284893,0.018368070324261982,0.04825160279870033
1,1.7525187947533348E-4,0.011341333389282227,-6.77103346044367E-4
1,0.03551790015450839,-0.04351164400577545,0.057604665237088355
1,-0.026161234293665205,0.015841948134558543,-0.07895178986447197
1,0.027415881554285686,0.048999211854404874,0.014328383737140231
1,-0.024402569119746868,0.04170261208827679,-0.013681868357317788
1,0.007601283118128776,0.05835220068693161,-0.0247576983476227
1,-0.06295979811864741,-0.007064709330306333,-0.009756134528862802
1,0.023448539276917774,0.10472660760084788,0.008361384272575378
1,0.08291096011033425,0.028004004405095026,0.026437813845964577
1,-0.07833365408273843,0.020701708701940682,-0.003380981087684631
1,0.015590610248701913,0.03580206632614136,0.06072782807879978
1,0.020611184338728588,-0.0038228631019592285,0.09233890588466938
1,-0.014332489110529423,0.015892690668503445,0.040377651453018186
1,0.012595208627837045,-0.09042027406394482,-0.0030356338247656822
1,0.04263608157634735,0.13915035128593445,0.07862130552530289
1,0.010404424233870073,0.06129448793151162,0.02164840969172391
1,0.0193261057138443,-0.04799783500758084,0.027241170406341553
1,-0.028642285149544477,-0.009810784831643105,0.06779926270246506
1,0.020456815307790584,0.011735867370258678,-0.03190975974906574
1,-0.0023597010544368197,-0.0947529524564743,-0.014442512765526772
1,-0.03616585582494736,-0.015066631138324738,0.099520742893219
1,-0.00920614931318495,0.033791820208231606,0.018985170125961303
1,-0.056007338563601176,-0.024840315183003742,0.040232963421765494
1,-0.05971066802740097,-0.0463653452694416,-0.014766796678304672
1,-0.005532657106717427,-0.10501230259736379,0.042957802613576256
1,-0.05871815105470327,-0.015217589071163764,-0.04026320789541517
1,-0.042962223291397095,0.032850272953510284,8.997519810994467E-4
1,-0.003055578718582789,0.029703182478745777,-0.00841435446189
1,0.0209007461865743,-0.03420973444978396,0.05912189321084456
1,-0.05175628430313534,0.06262481874889797,0.030035646425353155
1,0.14980451549802506,0.06323976176125663,0.10468954220414162
1,-0.03967626507465656,0.02391748703443087,0.04230761130650838
1,0.05332522771575234,-0.02039879018610174,0.06185067674288383
1,-0.023750090463594956,-0.053908147595145485,0.015234760262749412
1,0.12848025134631566,0.08133944869041443,0.05164452724986606
1,0.10328170657157898,0.06867593195703295,-0.09428805775112575
1,-0.022325494459697177,-0.11064171365329198,0.03574047237634659
1,-0.03620947069591946,0.024856865406036377,-0.08928789032830133
1,-0.03159956805981123,0.0330666727744616,0.0065487156311670935
1,-0.011447289027273655,0.03486918285489082,0.14271729191144308
1,0.03062507280936608,0.08719198291118328,0.029658658163888112
1,-0.05889119042290582,0.00888324777285258,0.0806151574308222
1,0.037233413330146244,-0.06207623864923205,-0.013266966811248235
1,0.023916938900947572,-0.041303396224975586,0.11105019102493922
1,0.011681536212563515,0.05882398225367069,0.005951416989167531
1,-0.001054474711418152,-0.025297395884990692,0.11043565223614375
1,-0.014207355678081512,-0.2288246569223702,-0.07688391394913197
1,-0.14881294303470188,-0.04010818567540911,-0.057818871736526486
1,-0.02228670981195238,0.04821373522281647,-0.05130686685442924
1,0.05550328455865383,0.06116886188586553,0.013189415519054119
1,0.09808494067854351,0.10343863235579596,0.033727900683879854
1,-0.06751059989134471,-0.06088333328564962,0.015723202377557755
1,0.045094215869903566,-0.022287158668041228,0.04445387174685796
1,0.09983252154456244,0.057960437403784856,0.08783779872788323
1,0.04159587919712067,0.09987884908914565,0.11716336309909821
1,0.024369617303212483,0.0010670632123947143,0.06208823521931966
1,0.024696240201592445,0.07652939110994339,-0.018239553603861067
1,-0.012258405486742655,0.07717734823624293,-0.052847493439912796
1,0.1301988320691245,-0.05232761720461505,0.01534724561497569
1,-0.023007157444953918,-0.02382587641477585,0.018601417541503906
1,-0.04998089946233309,0.023647558230620164,0.007369399070739746
1,0.03056562278005812,0.1468542218208313,0.07295321334492076
1,0.045926464455468316,-0.006750619837215969,0.007725344970822334
1,0.0133809894323349,0.020059198141098022,0.0745280146598816
1,0.03920486196875572,-0.010521252046931873,0.03624308481812477
1,0.013126892844835918,-0.008741497496763865,-0.010281079832245322
1,0.008037090301513672,-0.004979770630598068,0.08130060136318207
1,0.07979061603546142,-0.07393738403916358,7.291490381414241E-4
1,0.04284602971304031,-0.059637343954472316,0.009902096397819974
1,-0.07398865558207035,-0.038435183465480804,-0.010501500219106674
1,0.02664930522441864,0.006379139423370361,0.0627547912299633
1,0.05019039234944752,-0.01280998784516539,0.04289313207070033
1,0.011311344305674235,0.07651866177717845,0.014518005882992464
1,0.020316526293754578,0.03564419969916344,0.031448133289813995
1,-0.05475548251221577,0.10635282347599666,0.023291611777884618
1,-0.08545958294587977,-0.15042529123670914,-0.0846930742263794
1,0.010191161930561066,-0.01484585776925087,0.015112285812695822
1,0.11901559432347615,0.006733013937870662,-0.04764713134084429
1,-0.06924448878719257,0.03333614651973431,0.02028034230073293
1,-0.05276678336991204,-0.005737281507915921,0.08525075183974372
1,0.012029849820666842,-0.04500791927178701,-0.027470499277114868
1,0.01652168482542038,0.09309447876044682,-0.002343546599149704
1,-0.07159064039587974,0.0554646760225296,0.06538222233454387
1,0.0033188448710875077,0.12286313284527171,0.0033852973332007727
1,-0.020435109734535217,0.06173031032085419,-0.08158789724111556
1,0.019145649671554566,0.02228105366230011,0.04988102366526922
1,-0.02866534037249429,0.016952684947422574,-0.10495005548000336
1,0.02314492662747701,-0.049546045064926145,0.0086627253331244
1,0.04199450016021729,0.1542773187160492,0.06935879588127136
1,-0.018425645099745855,0.10023156470722622,0.0344100296497345
1,-0.11824476718902588,5.756715933481852E-4,0.058372074365615846
1,0.059647947549819946,-0.011920819679896036,0.08404812961816788
1,0.06249226159171054,0.06056360194557592,0.06296135877308093
1,0.043007269501686096,0.035853823026021324,0.082804669936498
1,-0.07934919052890368,-0.03240552517984595,0.09565799310803413
1,0.07828358241489955,0.043707000357764106,0.058091316904340475
1,-0.002055476109186808,0.018461743990580242,0.038510411977767944
1,0.0395679771900177,-0.0445055647620133,-0.07274566714962323
1,0.08988752109663826,-0.05340453822697912,-0.04584802356031206
1,-0.0014632076025009155,-0.055686929076910016,0.03637399863113056
1,-0.012563588178676107,0.03750989748084027,0.03614854197139326
1,-0.0031156381592154503,0.014368565753102303,0.028919111005961895
1,0.05137518048286438,0.040905968844890596,0.020341333746910096
1,0.016055259853601456,-0.04776480421423912,0.012670551240444184
1,0.026876800335370578,0.07525035968193641,0.09071935287543706
1,-0.02837880131076364,0.03960214774398243,-0.013316470541452107
1,-0.04078899746139844,0.05180684725443522,0.02213761999326594
1,-0.07883001044392586,-0.040548300246397655,0.020493737856547036
1,-0.021933384239673615,0.09580356379350026,0.011577889323234558
1,0.03167685412842294,-0.02520078938940297,-0.020079947113990783
1,-0.006892929474512736,0.05955846110979716,-0.002073509825600518
1,-0.06705400076779452,0.005583868785337968,-0.050399179642017074
1,0.00645105242729187,-0.06756678372621536,0.057527706027030945
1,0.1369707336028417,0.06483027835687001,0.03194945678114891
1,0.048402972519397736,-0.006300937384366989,0.07152553275227547
1,-0.017275940913420457,-0.019320970544448264,0.048820252601916976
1,0.04465267062187195,0.007327820573534284,-0.12047596701553889
1,0.05592571049928665,0.015443944931030273,0.06536638194864447
1,0.007480896571103264,0.034918551497599655,0.14137903206488667
1,-0.019263385371728378,-0.04239401001144539,-0.00427001699184378
1,0.09033723548054695,-0.08033762499690056,0.09122342988848686
1,0.07688588133225074,-0.029295897254577048,0.006703780247614934
1,-0.0475578997284174,0.09247435629367828,0.01713155210018158
1,-0.009067928418517113,0.11369384825229645,0.004863010719418526
1,0.09850206741919884,0.014732187757125268,0.10389897456535926
1,0.016299548745155334,0.03659224733710289,-0.01465403139591217
1,-0.03715823218226433,0.04033558815717697,0.038721981644630435
1,0.0459136598640018,0.02443430821100871,-0.009684381837194616
1,-0.07149873077869415,0.013835102319717407,0.056427007913589476
1,0.034176270167032875,0.06946517527103424,0.10148013631502788
1,-0.08579729683697224,0.02396102249622345,0.10736394590801662
1,-0.032335697540215085,-0.010871371520417077,0.04622863133748372
1,0.12155544261137645,0.09314911564191182,0.032995136720793586
1,0.03980673551559448,-0.07246204614639282,0.11583584121295384
1,0.05201733484864235,-0.04993692599236965,0.04425053298473358
1,0.15587027867635092,-0.16652826592326164,-0.07275342270731926
1,-0.10558640783031782,-0.05115707963705063,0.009742109974225362
1,0.03605732321739197,0.0694939201431615,0.015783488750457764
1,-6.03465735912323E-4,0.028421905636787415,0.09093144237995147
1,-0.030333131551742554,-7.234439253807068E-4,0.05781134366989136
1,0.005487959086894989,-0.03922958597540856,0.03911326266825199
1,0.015848395725091297,0.004199465115865071,0.10297563213568467
1,0.01031826933224996,0.12537672453456455,0.062162503600120544
1,0.06389172813471626,-0.006536388221909018,0.023544499102760765
1,-0.1198921161038535,-0.02733358527932848,0.012799666159682803
1,0.09299020875583995,0.06999332796443593,-0.03991051935232603
1,-0.030426025390625,0.11007431149482727,0.009233701229095458
1,0.007057752874162462,-0.07759928579131763,0.02934703230857849
1,0.013185232877731323,0.11229748680041386,0.14002116597615755
1,-0.03986382236083349,0.09767175217469533,0.06104070320725441
1,-0.012483973056077957,0.09647998639515468,-0.011383774876594543
1,0.0812901496887207,0.07746317386627197,0.0738174557685852
1,0.001247349110516635,-0.018373009833422573,0.050849099050868644
1,0.02032678872346878,0.0020860500633716585,-0.02211611717939377
1,0.0017998050898313522,0.05960105708800256,0.01403096318244934
1,-0.058042848110198976,-0.10662555247545243,-0.012006765604019165
1,0.0251237434499404,0.027074217796325684,0.07762480609946781
1,-0.04706034157425165,-0.02597254328429699,-0.021913550794124603
1,0.07206912977354867,0.060793672289167135,-0.02080082893371582
1,0.00833572612868415,-4.139078987969293E-4,0.09841553701294793
1,-0.057066855105486786,0.04376858472824097,0.048226166229981646
1,0.018284893952883206,0.012860169204381796,0.07639567454655966
1,0.006201765603489346,0.01700396090745926,0.054427901903788246
1,0.005694835136334102,-0.03501417736212412,0.0392871569428179
1,0.06256049498915672,0.009085569530725479,0.0540655143558979
1,0.0057354902227719625,0.014648632208506266,-0.09500278681516647
1,-0.009440903277958141,-0.004168043241781347,-0.019054763226045504
1,-0.025481104850769043,-0.004540497064590454,0.1545651157697042
1,-0.02546793222427368,0.05367913842201233,0.031065519899129868
1,0.040332116186618805,0.03129377216100693,-0.04988052509725094
1,0.036139124631881715,0.01187131106853485,-0.04705379903316498
1,0.009518255790074667,0.03793175352944268,-0.0541239164092324
1,-0.0028041377663612366,-0.0045541028181711836,-3.162581812251698E-4
1,0.012748282064091076,0.04506849565289237,0.004681510229905446
1,-0.020554508082568645,0.004127468913793564,0.05963412258360121
1,0.013026998323552749,0.01936437452540678,-0.025362115941549603
1,0.05786662006920034,-0.025375988673080097,0.12572327256202698
1,-0.045018939410938937,-0.03685938917538699,-0.0496231256162419
1,-0.05844219463566939,0.014750760048627853,0.12609249992030008
1,-0.03469277861026617,0.06668345286295964,0.034378984570503236
1,0.05338437740619366,0.12692632984656554,0.04823975463708242
1,0.06328094431332179,0.008436685694115502,0.020455246791243553
1,0.03553538712171408,-0.08570903797562306,-0.01641205350557963
1,0.07483050227165222,-0.006495708227157592,0.07796930770079295
1,0.017158083225551405,-0.031729045667146384,-0.012690909579396248
1,-0.1086181290447712,-0.03276310674846172,-0.08818056806921959
1,-3.413446247577667E-4,-0.04787578620016575,0.042701267533832125
1,0.11022571474313736,0.06925693899393082,0.12880967259407045
1,-0.04091263963625981,-0.0053568642873030444,-0.008249325411660331
1,-0.05421381940444311,-0.005037441849708557,0.024282604455947876
1,-0.059668725728988646,0.06866690218448639,-0.11968604164818923
1,-0.040917133912444115,-0.03273821226321161,0.09756065992748036
1,0.02953683232006274,0.05636081883781835,0.06658635111082167
1,-0.009384699557956896,0.10389947263818038,0.027626117691397667
1,0.029275633733380924,-0.008996194059198553,0.006460704586722634
1,0.03487452492117882,0.010539756880866157,-0.012460463576846652
1,-0.049331246978706784,2.8216176562839086E-5,0.025870174169540405
1,0.05465082724889119,-0.029463958243529,0.08309394915898641
1,0.03381529024669102,0.02142219032560076,0.04198883970578512
1,0.010473632294198742,0.03917694610098134,0.04705958068370819
1,0.11469766795635224,-0.054702483117580414,0.10439026057720184
1,-0.004338772036135197,0.0066086165606975555,0.10869624879625109
1,0.08054816547562094,-0.019138809512643254,0.019624030424488917
1,0.048434726893901825,0.06507809087634087,-0.06985261067748069
1,0.04152668480362211,0.007091426423617772,0.017528279019253596
1,0.049836559729142624,-0.06687045774676582,0.016449776167670887
1,0.13331209421157836,0.09539462327957153,0.06777677365711757
1,0.04221498221158981,-0.09686764143407345,0.04745969772338867
1,0.07645199298858643,0.11116511821746826,-0.026694140086571377
1,0.061030704866756096,-0.028966990384188564,-0.009169059304090647
1,-0.15474695795112187,-0.10371230708228217,0.0038788779215379195
1,-0.004631007259542292,0.07333305749026212,-0.006108629588897412
1,0.09015654524167378,-0.07692500452200572,0.021973609924316406
1,0.05219292214938572,0.03473407455853054,0.05592110421922472
1,0.13954360286394754,0.21396304170290628,0.07132748017708461
1,-0.036952049972919315,-0.03835703432559967,0.03361854874170744
1,-0.048152676224708556,0.030175358057022095,0.04168937106927236
1,0.015187478727764554,0.022215601470735338,-0.01798884239461687
1,0.10099877582656012,0.00921581851111518,-0.06943167542869394
1,-0.017956198503573734,0.03375789771477381,-0.0130838081240654
1,-0.030721151935202733,0.07831721646445138,-0.0026623287371226718
1,0.08740475177764892,0.0637235164642334,-0.02680914689387594
1,0.048755377531051636,0.078474161028862,-0.011218937960537996
1,-0.012313536368310452,-0.014345882770915827,0.00996073925246795
1,0.017051259902390568,0.040740587494590065,0.019506782293319702
1,0.04976094194820949,4.220264298575265E-4,0.043827118145094976
1,0.031481776386499405,0.03316793590784073,0.01021982729434967
1,-0.001019492745399475,-5.812247594197592E-4,0.04271474480628967
1,0.029888339340686798,0.060607414692640305,0.029849105328321458
1,0.033350148371287754,0.07451617291995458,-0.007139478410993304
1,-0.00869558178461515,0.04351578194361467,0.026687236236674444
1,0.02786784280430187,0.042974285104058006,0.04500402395541851
1,0.13412601839412341,-0.02296100827780637,-0.02509147741577842
1,0.02440088614821434,-0.06518381601199508,-0.006979420781135559
1,-0.06710793823003769,0.0690731480717659,0.0667559305826823
1,0.09908369871286246,0.05379637388082651,0.10265917273668143
1,-0.011528778076171874,0.06609811782836914,-0.03496645816734859
1,-0.001397413286295804,0.0024432241916656494,0.04801666507354149
1,0.017703846096992493,-0.029576766304671764,0.0016751703288820055
1,0.0035404769910706412,0.03300751745700836,0.03941215160820219
1,-0.007005910981785168,0.06144757704301314,0.03789313340728933
1,-0.034861751292881216,-0.044100291438792884,4.128944128751755E-4
1,0.013015152017275492,0.030812415480613708,0.02283494472503662
1,-0.019187167286872864,-0.023689623656017438,0.047717009271894185
1,0.051485690474510196,-0.036006464064121245,0.18627130443399603
1,-0.008432659235867586,0.04356052116914229,0.025558072787064772
1,0.10461312532424927,0.04434513052304586,0.0189785398542881
1,0.059003346106585336,0.002882982878124013,0.0500440283825523
1,0.06542344205081463,0.04027733765542507,-0.06972306552860472
1,-0.05494600832462311,0.03608209490776062,0.042353043502027336
1,-0.027874767780303955,-0.17124306286374727,0.09980980555216472
1,0.034057557582855225,-0.028473037481307983,0.02158101201057434
1,-0.060701927968433926,0.038628301450184414,0.0586722157895565
1,-0.11591671779751778,-0.038863963137070336,-0.03861609527042934
1,-0.0073556798069100635,-0.02675360127499229,0.04556394564478021
1,0.02807588279247284,-0.07990958765149117,0.1291519726316134
1,-0.002994447946548462,-0.12016500532627106,0.08758490532636642
1,-0.010852714627981186,0.12718599736690522,-0.008430060744285584
1,-0.10667608045041561,0.0611275814473629,0.16643407344818115
1,0.022741258144378662,-0.03016538918018341,0.01201505959033966
1,-0.050412205358346306,-0.0491788387298584,0.1693190634250641
1,0.030305784195661545,0.0165674090385437,0.052455031871795656
1,0.01851083202795549,0.0225964215668765,-0.02054596319794655
1,-0.017679931388960943,0.06702736351225111,0.024138856265279982
1,0.018777282110282352,-0.12615927202360971,0.0894622653722763
1,-0.021569713950157166,-0.02602506677309672,0.10094145933787028
1,0.024574792385101317,0.09753630161285401,-0.05400217920541763
1,0.09687893731253487,-0.027351755116667067,0.051993631654315524
1,0.1520102173089981,-0.06589819428821404,0.06017698595921198
1,-0.011841631361416407,0.022374766213553294,0.09622924774885178
1,0.07852784544229507,-0.02814263105392456,-0.002083843946456909
1,0.010166056454181671,-0.03900923579931259,-0.07710085809230804
1,0.05162964388728142,-0.021073566749691963,0.02266664430499077
1,0.026546433568000793,-0.002058904618024826,-0.011755473911762238
1,0.07084651589393616,0.01353079080581665,0.11374228341238839
1,-0.04503104700283571,0.03711772777817466,0.029164456404172458
1,-0.008166864514350891,0.01820589353640874,0.05437186029222277
1,0.018144381046295167,-0.0681546688079834,0.022669502667018344
1,-0.01768265962600708,0.06709255576133728,-0.0366999477148056
1,-0.049342176152600184,-0.08321760760413276,-0.0026282310485839845
1,0.02984424928824107,0.02866466095050176,0.068341925740242
1,-0.04009928038487068,0.02773012679356795,-0.027653643718132608
1,-0.01110137403011322,0.07124586701393128,0.007534709843722257
1,0.0554141723795941,0.03596961811969155,0.02603114082625038
1,0.025207283241408213,-0.09955367791865553,-0.07054817862808704
1,-0.009642799695332846,-0.08633145689964294,0.03918068408966065
1,-0.13561840781143733,-0.15385546215942927,0.04364067647192213
1,-0.020525746047496796,-0.017588110906737193,0.10341438557952642
1,-0.09567750394344329,0.1130279242992401,-0.08659986513001579
1,-0.008835934102535248,0.0019136220216751099,0.08644700050354004
1,0.037031971746020846,-0.06088298228051928,0.06503567695617676
1,-0.030631425705823032,-0.05050006915222515,0.015400482652088007
1,-0.01025264710187912,-0.07595166191458702,0.04436176187462277
1,0.006484657526016235,-0.01951223115126292,-0.09493151041013854
1,-0.046150267124176025,0.06838764746983846,0.03407663106918335
1,-0.04698496560255686,0.012083315187030368,0.09146866533491346
1,0.021291923310075487,0.05230744821684701,0.010501419859273093
1,-0.011357690393924712,-0.10663089528679848,0.1729714423418045
1,-0.07129841215080684,-0.06225092295143339,-0.1385483682155609
1,-0.02104952186346054,0.08643361181020737,-0.03674625688129001
1,-0.041755957528948784,0.029995812103152275,0.025335112915319556
1,0.013166091271809168,-0.0021932635988507953,0.0074815042316913605
1,-0.07920644929011662,0.047734539955854416,-0.06338484254148272
1,0.028483260422945023,1.5071779489517212E-4,-0.010538689047098159
1,0.004082520802815755,-0.053122242291768394,0.09773092269897461
1,0.08466968834400176,0.04269459992647171,-0.007060343568975275
1,-0.031814396381378174,-0.12012771144509315,0.0599778950214386
1,-0.10500668548047543,-0.07185256605346997,-0.05431543004054289
1,0.06489342451095581,0.06857923418283463,0.003705427050590515
1,-8.965100754391063E-4,-0.031058966436169365,-0.07289052257935207
1,0.05593407526612282,0.03495919704437256,0.040410784073174
1,0.14755649036831325,-0.09782530284590191,0.03796369002925025
1,-0.010714937533651079,0.024680754968098233,0.02819955547650655
1,0.04540920754273733,-0.01650107403596242,0.11568407714366913
1,-0.12977083840153433,0.04961268603801727,0.020676247202433072
1,0.03244660049676895,0.05234749019145966,0.0775997747074474
1,-0.043641981482505796,0.059221765398979186,-0.04034961455247619
1,0.026351748832634518,0.001904046961239406,0.07152197510004044
1,-0.04921155273914337,-0.0924899697303772,-0.08644869923591614
1,0.09742299053404066,-0.01794224977493286,0.001432492583990097
1,-0.01855718791484833,0.015256822109222412,0.07248104363679886
1,0.006555646657943726,0.042867422103881836,0.008618474006652832
1,0.003161547865186419,-0.012615516356059482,-0.0454471617937088
1,-0.005230676096219283,-0.037441400381234974,0.0540230604154723
1,-0.003824900549191695,0.033124420505303606,0.05869153241316478
1,0.03254335267203195,0.023202857800892422,-0.10938379168510437
1,-0.03232346475124359,0.06878733093088324,-0.020199033121267956
1,0.020032338459383358,-9.489875625480305E-4,0.0033221892439402067
1,3.968881709235055E-4,-0.08263053904686656,-0.06184347293206623
1,0.12069348494211833,0.12756313880284628,0.11773038655519485
1,-0.025937617421150208,0.004777946025133133,-0.06549319446086883
1,-0.06119865720922297,0.032341079278425736,0.09145028392473857
1,0.0271803617477417,-0.03296646475791931,-0.07173250828470502
1,0.020000310407744512,0.0019864439964294434,0.09744451045989991
1,0.006534064395560158,0.0775238068567382,0.036807369138743426
1,0.007993232120167126,-0.027726208621805363,0.05504032396353208
1,-0.08140622451901436,-0.12688801903277636,-0.04190422687679529
1,-0.050859905779361725,-0.03556883195415139,-0.0613254951313138
1,-0.03841626378042357,0.07958761602640152,0.011870700865983963
1,-0.013318893940825211,-0.022230800045164006,0.04323364009982661
1,-0.029989685331072127,0.008660073791231428,0.09140442477332221
1,0.18149883879555595,-0.04337249530686273,-0.055034478505452476
1,0.08753258260813626,0.11377224055203525,0.06454160064458847
1,0.021197052164511246,0.006932811303572221,0.05076649536689123
1,-0.07530280202627182,0.16526480615139008,0.06248067021369934
1,0.005753823689052037,0.12020742893218994,0.08728668093681335
1,-0.06980211287736893,-0.12084721028804779,0.04059894382953644
1,0.08021284143129985,0.04644326368967692,0.010870866477489471
1,0.001952020451426506,0.009101963602006435,0.02820211517460206
1,-0.08306942284107208,0.020747530460357665,0.05428251895037564
1,0.024271152913570404,0.05100042248765627,-0.01473693283540862
1,0.02953683232006274,0.05636081883781835,0.06658635111082167
1,-0.006462769848959786,-0.09198780783585139,-0.031357958912849426
1,-0.04218340814113617,-0.042386953035990396,0.017825448885560036
1,0.051325734704732895,0.05356471613049507,0.10505789518356323
1,0.05553317070007324,0.1987520456314087,-0.009314040342966715
1,-0.04550391249358654,-0.026139152236282825,-0.06617616340517998
1,0.032052093744277955,-0.03167850151658058,0.016624373468485745
1,0.012282355265183882,0.07612743736668066,0.05856143615462563
1,-0.0032963317174177905,-0.043589396545520194,-0.0063901011432920185
1,0.0560282137658861,0.003914273447460598,0.06757759385638767
1,-0.06268176157027483,-0.15200461260974407,0.08653112314641476
1,-0.1264440073735184,0.0346682435936398,0.034453276130888194
1,3.4636572787636206E-4,-0.046458757629520016,0.031045639443965184
1,-0.018952541053295135,0.02673836946487427,-0.003632153073946635
1,0.052917979657649994,0.046044301241636276,0.008607076480984688
1,-0.018148780745618483,-0.002984500106643228,-0.00294369415325277
1,-0.07540422881191428,-0.0044107775796543465,0.006244370205835862
1,8.828689654668173E-4,0.017741526166598003,0.08331719957865201
1,-0.011047384568623133,0.05002792818205697,0.05160689726471901
1,0.047408944368362425,0.05582044124603271,0.08130184667451042
1,-0.011962781349817911,-0.01967509090900421,0.13973959428923471
1,-0.09683093109301158,-0.06545112814222064,0.0396878682076931
1,-0.0206581958466106,-0.030822762184672885,0.027993079274892807
1,0.058152117899485996,-0.06853052973747253,-0.06443234036366145
1,-0.02423115751960061,0.017705874348228626,0.05598677725841602
1,-0.06143335998058319,0.04051193222403526,0.04461229178640577
1,0.016928650438785553,0.011987391859292984,-0.007505321327377768
1,0.04349279900391897,0.029984292884667713,-0.01106271892786026
1,-0.041557338833808896,0.02642236351966858,0.016461567445234818
1,0.02626112401485443,-0.04992039799690247,0.01909494400024414
1,0.08370860985347203,0.005437515676021576,-0.006424364633858204
1,0.12335678339004516,0.01353437602519989,0.04423492699861527
1,0.03692161807647118,-0.02609412486736591,0.14843120368627402
1,0.02039338861192976,-0.139521952186312,0.05214078165590763
1,-0.0417628139257431,0.07414885209156917,0.05896945723465511
1,-0.051057976885483816,-0.010965312902743999,0.055626935683763944
1,0.005219630504909314,0.1049109399318695,0.07709987532524835
1,-0.10403838008642197,-0.01962907612323761,0.1557069569826126
1,-0.05759703450732761,0.0354080167081621,-0.017328974273469713
1,0.10938979536294938,0.030499252676963805,0.04218278328577677
1,0.05501413345336914,0.06517543336924385,0.024852004730039172
1,0.003453850746154785,-0.029661133885383606,0.047792667895555495
1,0.05595604768570732,-0.01288537067525527,-0.020176470279693604
1,0.1187963604927063,-0.08624014556407929,0.21615934797695704
1,-0.005240586586296558,-0.020986933261156082,-0.07101291128330761
1,0.006609096916185485,0.013225325693686804,-0.01970723383128643
1,0.0871829887231191,0.06387135883172353,0.019720960408449173
1,0.036402370780706406,0.023467324674129486,-0.05175647884607315
1,-0.023105092346668243,0.11633569002151489,-0.007488835070814405
1,-0.04723646655678749,-0.0013688632845878601,-0.006222379704316457
1,-0.0112749007013109,-0.011704848872290717,-0.020332774519920348
1,0.03391112552748786,-0.0033874412377675376,0.04748030503590902
1,0.0826171226799488,0.03548622503876686,0.10996993713908726
1,-0.07804523594677448,-0.022059626877307892,0.11060360074043274
1,0.00769918211377584,0.1268768058373378,0.01197573857811781
1,-0.01241769144932429,0.04591526587804159,-0.007375779872139295
1,-0.004256565434237321,0.032047387367735304,0.0040315611598392325
1,0.031093365379742215,0.02051596556391035,0.05937960211719785
1,0.06854670345783234,0.0656720221042633,-0.014773257076740265
1,-0.038862378719974965,-0.02166394188123591,0.016626110848258522
1,-0.05419350628341947,-0.031271527122173993,0.022296020885308583
1,0.03038371673652104,-0.029450652854783193,-0.00438416696020535
1,0.054887786507606506,-0.015061174829800924,0.0070613473653793335
1,-0.009673128334375529,0.06729428584759052,0.03781363711907314
1,0.06913634803560045,-0.02492082118988037,-0.06641765534877778
1,-0.08680886588990688,-0.04312621336430311,0.03419408015906811
1,0.006465021520853043,0.007363509872685308,-0.002222451070944468
1,-0.02448290338118871,0.011540129780769348,0.033858837265717354
1,-0.1153866071254015,0.012136559933423996,-0.015575405955314637
1,0.023679062724113464,-0.06091684103012085,0.016729278696907893
1,0.018382202833890915,-0.0347124133259058,-0.019372329115867615
1,-0.060898276045918465,-0.022282514721155167,0.05954383313655853
1,0.115401491522789,-0.02169520314782858,0.06288174291451772
1,-0.19251441955566406,-0.04360494017601013,0.22736817598342896
1,0.060093833340538874,0.08068692353036669,0.039255706762725655
1,-0.011290355119854212,-0.0029034605249762535,-0.014618584119221744
1,0.11104641556739807,0.043601393699645996,0.14207914471626282
1,-0.024686281170163835,0.05082467198371887,-0.043517112731933594
1,-0.07414221111685038,0.13485342264175415,0.013520621591144137
1,0.006723558902740479,0.03679342865943909,-0.023630128375121524
1,-0.04678250849246979,0.009865807635443551,0.027210403233766556
1,-0.023393481969833374,-0.02827543392777443,0.052057959139347076
1,-0.01087642632997953,-0.07470439317134711,-0.048661225117169894
1,-0.038322111734977134,0.03546302135174091,-0.018043712354623355
1,-0.0030070715225659884,0.0516010860984142,0.1482431682256552
1,-0.05074046365916729,-0.110238385386765,0.04100795388221741
1,0.07894312739372253,0.04363265633583069,0.0016992330551147462
1,-0.012570323422551155,-0.11046654420594375,0.00967221228139741
1,0.005226911769972907,-0.05069749512606197,0.04479776985115475
1,-0.025405635436375935,0.0844271183013916,0.021691608428955077
1,-0.05508054047822952,-0.005506433546543121,0.06127830035984516
1,0.01856577843427658,0.024204256385564803,-0.0343797717243433
1,-0.057254116237163546,-0.0027813658118247984,-0.029501646757125854
1,0.04644185440106825,0.045938871123574,0.045372490699474625
1,0.024578798030103956,-0.03292629335607801,0.0051924437284469604
1,0.03360612690448761,0.08117354603914115,-0.009973651170730591
1,0.08305064531473014,-0.01741246535227849,0.06414123784218516
1,-0.02000204154423305,-0.005510968821389335,-0.010769233107566833
1,0.0688259353240331,0.13552003105481467,0.08392667174339294
1,0.03211658895015716,0.08938083052635193,0.03230185558398565
1,0.020293186817850386,-0.017486040081296648,0.013762277364730836
1,-0.004165838162104289,0.0793232454193963,0.10562587597153404
1,-0.02722269973971627,0.1139426746151664,-0.047229018062353134
1,0.005818039178848267,0.12784605473279953,-0.001966186695628696
1,-0.0048069818453355265,0.003896450454538519,0.010508480397137728
1,-0.012669801712036133,0.03216916620731354,0.09510822892189026
1,0.07382819733836433,0.050938373262232,0.029134245081381363
1,0.02855166792869568,0.01823938705704429,0.025874496860937637
1,0.06660839102484963,-0.04982075095176697,-0.0031306188214908948
1,-0.026114922761917115,-0.20540050268173218,0.1907089591026306
1,0.03920486196875572,-0.010521252046931873,0.05104100083311399
1,0.027244843542575836,-0.012243424852689108,0.020037511984507244
1,0.04874370495478312,0.004014124472935994,0.06663222114245097
1,-0.020514999826749165,0.005708677901162041,0.05972356597582499
1,0.007558268308639526,0.04748228490352631,-0.033203727255264916
1,-0.0648141900698344,0.01990717152754466,0.04201609889666239
1,0.009906884696748521,-0.07962022514806853,-0.04713226333260536
1,-0.0032664477825164796,-0.11483794897794723,0.005952323476473491
1,-0.014722963174184164,-0.049147586027781166,-0.02715665102005005
1,-0.01778741553425789,-0.00944695562908524,0.01809999974150407
1,0.041183434426784515,-0.1061121691018343,0.039500270038843155
1,-0.0088142529129982,-0.0027854852378368378,0.024335253697175246
1,0.07503063976764679,0.05672129690647125,0.019706399738788606
1,7.544755935668945E-4,0.023925761381785076,-0.013047519326210021
1,0.035659472147623696,0.017109484722216923,0.06655107545001167
1,-0.018658570448557534,-0.0909943866233031,0.03161181597148671
1,-0.011511233799597797,0.050449923995663136,-0.013090847169651705
1,0.07062726467847824,0.08042322099208832,-0.03877422213554382
1,-0.13481605127453805,0.04125660359859466,0.0852909654378891
1,0.026097935078472925,0.018141113607020212,-0.009648074706395468
1,0.041673472949436734,0.05745906063488552,0.07066258208619224
1,0.08216017112135887,0.051169876009225845,0.016551971435546875
1,0.11494075258572896,-0.010271340608596802,0.044923247396945955
1,0.030862634832208805,0.04775691574270075,-0.007628882160553565
1,-0.1117626279592514,0.053257182240486145,-0.05238407211644309
1,0.017752447724342348,-0.0324345052242279,0.012345541607249867
1,0.005020105745643377,-0.0038097314536571503,0.03715628034928266
1,0.034891640598123726,-0.00906228477304632,0.08901490844213046
1,-0.02825734136920226,0.02317428745721516,0.0723948753193805
1,0.014274528622627259,0.017203480005264282,0.06261619552969933
1,-0.02763546175426907,0.005260953886641396,0.004312566998932097
1,0.05343560874462128,-0.08414439484477043,0.05575701966881752
1,-0.012482255697250366,0.03707287460565567,0.05159977740711636
1,0.024905616586858578,0.05753656679933721,0.013346528777709374
1,0.04013615846633911,0.02285116000307931,0.05739245712757111
1,-0.07167210962091174,0.016876518726348877,0.026202244891060725
1,0.01579269766807556,-0.02912476472556591,0.004295068979263306
1,0.024679119233042,-0.011216267477720976,0.016145861622962086
1,0.07148036029603747,0.11765493618117438,0.06809247759255496
1,0.016600006818771364,0.010209041833877563,-0.00512763432094029
1,0.07174507528543472,-0.10325488820672035,0.027026037375132244
1,-0.005120503157377243,-0.13604396618902684,0.016460803647836048
1,0.052718228101730345,0.07654801607131959,-0.02013907997923739
1,0.049643554857798984,0.07576195682798113,-0.04159726781977548
1,-0.03016874726329531,0.06622426105397088,0.017083758488297462
1,0.09651545062661171,-0.023456497117877007,0.07399150729179382
1,-0.0337713360786438,-0.008519038558006287,-0.028569245338439943
1,-0.07769493261973064,-0.08996875397861004,0.019719824194908142
1,0.045599474356724665,0.013972699928742189,0.01895201312644141
1,-0.03089640002984267,0.032355354382441595,0.05618155300617218
1,0.020538936853408813,0.04802035063505173,0.06714942038059235
1,0.010158956050872803,0.12806404970194163,-0.01797731828532721
1,0.052884681658311325,0.05906121568246321,-0.008449950255453587
1,-0.04570129637916883,-0.004917066544294357,-0.05074331430452211
1,0.08002077539761861,0.09931288162867229,0.05570731108838862
1,0.0022888660430908205,0.06046658953030904,-0.04499318798383077
1,-0.04262254812887737,0.0655704779284341,0.04920837070260729
1,0.02481133257970214,-0.06612824648618698,0.06300338026550081
1,-0.07980700499481624,-0.03417327917284436,-0.010501543432474137
1,0.10003344621509314,0.1235393937677145,0.04200658698876699
1,-0.009392012106744866,0.00815914218363009,0.03771893751053583
1,0.051585763692855835,-0.07145211762852138,-0.032697416841983795
1,-0.05195534532820737,0.0019137688257076122,-0.03799178939441155
1,-0.027912003546953203,-0.02201276198029518,0.06110452711582184
1,-0.0312477137361254,-0.07445886944021497,0.04184497679982867
1,-0.01953713595867157,0.0845818751388126,0.1161038296090232
1,0.09104106823603313,-0.01245899498462677,0.08619872108101845
1,-0.038990823552012444,0.030433710664510727,0.09801447722646925
1,0.04347784028333776,-0.010832363630042356,0.018655851483345032
1,-0.07663112985236305,0.02701887701238905,-0.015766932070255278
1,0.012725835666060448,0.06870689243078232,0.04524146984605228
1,-0.0032880455255508423,0.05450610951943831,0.10696958682753822
1,0.06836609914898872,0.02965705469250679,0.016629353165626526
1,-0.03437541756365034,-0.04981997940275404,-0.048977424475279724
1,-0.04256733258565267,-0.011579791704813639,-0.03207143023610115
1,0.014170363545417786,-0.02583942860364914,0.10031559467315673
1,0.02683245949447155,0.05825702952487128,-0.03000111412256956
1,-0.004559808655789024,-0.05626147436468225,-0.0331991259008646
1,0.03032433006324266,0.006904838900817068,-0.03650787330809094
1,0.0201005885998408,-0.025100216269493103,0.04593639944990476
1,0.11006049439311028,-0.07157724257558584,-0.06305783738692601
1,0.0588551326231523,0.05998551574620334,-0.07822232761166313
1,0.06042383313179016,0.011412902176380158,0.02867415299018224
1,0.0699208334765651,0.023128872567957096,0.059146384398142494
1,-0.03362911343574524,1.8305778503417968E-4,-0.04134724102914333
1,-0.01249133050441742,-0.01203200692931811,-0.011330383519331614
1,0.0413487454255422,0.020831127961476643,0.053243776162465416
1,-0.12204483027259509,0.004128505786259969,0.012668351332346598
1,0.007043835189607408,0.056738048791885376,0.09424428235400807
1,0.08180623315274715,0.0034058084711432457,0.012009923948961146
1,0.08825767040252686,0.14379937308175222,0.03262318505181207
1,-0.014156782201358251,0.04051787406206131,0.07502032220363616
1,0.03479691445827484,0.03822486400604248,0.07539751132329305
1,-0.008108311229281955,-0.026561382744047377,0.0916421955282038
1,0.0859885269945318,0.019277653910896995,-0.005754720706206102
1,-0.03832941821643284,0.06403513039861407,0.05351543095376757
1,0.01252397232585483,-0.049126386642456055,-0.00913943350315094
1,-0.08554885983467102,0.07458197772502899,0.05480955405668779
1,-0.04612682121140616,0.03981729916163853,-0.07066625143800463
1,0.0018072107008525304,-0.011703935052667345,-0.0017935434977213542
1,0.04004830618699392,0.04548776149749756,0.012944243848323822
1,-0.003466916580994924,0.05847005049387614,-0.0792572150627772
1,-0.0263853809899754,-0.08056078188949162,0.045022301375865936
1,-0.04886195808649063,0.09380801084140937,-0.029223098286560605
1,-0.00745673051902226,-0.08120878253664289,0.0828409923447503
1,-0.06006044951769022,0.018764438537450936,0.048552319407463074
1,0.06181263072150094,0.054260815892900736,0.06082413262791104
1,-0.0196996195749803,0.051177550445903434,-0.012200857823093733
1,-0.09211846590042114,0.04408071637153625,0.0010792662700017293
1,-0.006590000353753567,0.022035655099898577,-0.03448316175490618
1,-0.02458853381020682,-0.04012772174818175,0.1193525173834392
1,-0.0013277888298034667,-0.03608876019716263,0.035471717065030876
1,0.07169335186481476,-0.0034474685788154604,0.13852203041315078
1,-0.0898093581199646,-0.08766092040709086,-0.05928229753460203
1,0.05857968516647816,-0.028235159814357758,-0.004527466262088102
1,0.029919935124261037,-0.057926871946879795,-0.016771009990147183
1,-0.06862168081782082,-0.03709323839707808,0.04678929123011502
1,-0.04246684610843658,-0.07759014715751013,0.03239084966480732
1,-0.013408921762473054,-0.015768797136843204,0.03358358654536699
1,0.002240493893623352,-0.013995672576129436,-0.08148970041010115
1,-0.010601554723346935,0.13129596499835744,-0.006490249844158397
1,-0.012879544248183569,0.037262365532418094,-0.0014435327970064604
1,0.007054921578277241,-0.024925433776595375,0.01599849791576465
1,0.006524401903152466,0.03221788629889488,0.025516298413276673
1,-0.06674208790063858,-0.04669489935040474,-0.017788878896019676
1,0.06280764869668266,0.025297541509975086,0.07009502347897399
1,0.12043074199131557,-0.043931031333548684,0.02012259066104889
1,0.003663551281480228,0.011797832653802983,0.062369095051989835
1,-0.09341956228017807,0.0362008273601532,0.04834662803581783
1,0.03997454047203064,-0.046360457582133155,0.09311979822814465
1,0.025668283303578694,0.08833429714043935,0.046630859375
1,-0.03762853145599365,0.24862529834111533,0.013081401586532593
1,-0.016760724095197823,-0.03229127938930805,0.05907586812973022
1,-0.022838789504021406,0.056986965239048004,0.0606050631031394
1,-0.028925256431102754,0.020873401562372842,-0.03172302859670976
1,0.0549534447491169,0.012843422591686249,0.0420520693063736
1,-2.602613531053066E-4,-0.03421382582746446,-0.005860459059476852
1,0.09110246151685715,0.0747077077627182,0.05332772731781006
1,0.06451306740442912,0.045330566664536796,0.08846122398972511
1,0.03916745952197483,-0.02683772998196738,0.05291714199951717
1,0.032990096136927605,0.0036029666662216187,0.12277251482009888
1,0.031469578544298805,-0.00500737006465594,-0.019144092287336077
1,-0.037541069090366364,-0.06625198519655637,0.01172741036862135
1,-0.020875381571905955,-0.12441302250538554,0.040535300970077515
1,0.06631463434961107,0.014568312300576104,0.06654707839091618
1,-3.1507015228271484E-4,0.009208540121714274,0.05815345048904419
1,0.12583820521831512,0.04607164114713669,0.046463482909732394
1,-0.020409961293141047,0.009370565414428711,0.05313740074634552
1,0.07886411462511335,-0.10330244047301156,-0.012150767658438002
1,0.11365695084844317,0.009881781680243356,-0.05198670095867581
1,-0.01500699669122696,0.03226648271083832,0.13375403732061386
1,-0.062444701325148344,-0.0055511509999632835,-0.01206242512254154
1,0.026041333563625813,-0.03626075200736523,0.004209971427917481
1,0.02656245231628418,0.054248345749718804,-0.00578203158719199
1,0.09471011161804199,0.09759960944453876,0.10017311998776027
1,-0.030784136056900023,-0.0067984238266944885,0.0472733328739802
1,-0.08871758729219437,0.12438328564167023,0.05418296158313751
1,0.05279562808573246,-0.014928413555026054,0.03496387600898743
1,0.0536783910714663,0.015373591047066908,0.04585071595815512
1,0.04860892560746935,-0.017603460285398696,0.04776098728179932
1,0.15200036267439523,0.024021238088607788,-0.0014490059443882533
1,0.08185291886329651,0.04463728368282318,0.01978384852409363
1,0.014181837439537048,0.06555132567882538,0.024617761373519897
1,0.049624815583229065,0.009933539976676306,-0.002072614218507494
1,-0.02928043467303117,-0.0028233726819356284,0.09885449707508087
1,0.003660449614891639,0.009220314713624807,0.008100223328386034
1,0.0905251810948054,0.028620014588038128,0.030925009648005167
1,-0.009008858601252239,0.008695643146832783,0.1350740412871043
1,-0.020186362663904826,0.10509220163027445,0.12252681056658427
1,-0.13314328715205193,0.15696808695793152,0.05888854960600535
1,0.00741032361984253,-1.1250476042429606E-4,0.05734273265389835
1,-0.012499069795012474,0.09577619098126888,0.04370882931877585
1,0.048991047121860365,0.006466929559354429,0.040548480219311185
1,-0.05118230059742927,-0.01225198209285736,0.05175564189751943
1,0.009677284955978393,0.015859809517860413,0.1105517176064578
1,-0.03853458762168884,0.03820556700229645,0.043556876480579376
1,-0.08026274604101975,-0.02470364173253377,0.08740144222974777
1,-0.008143083502848944,-0.03901355651517709,0.06533848618467648
1,0.043600745499134064,-0.003939926624298096,0.05044748716884189
1,-0.011816602984541342,0.009222975098773054,-0.002607687523490504
1,-0.03195929527282715,-0.004847129185994466,0.07571243246396382
1,-0.02723946354605935,0.03918465463952585,0.04148246212439104
1,-0.10589946806430817,-0.04464566707611084,0.018337907269597054
1,0.0808331569035848,-0.07253789901733398,0.2315807342529297
1,0.021021280656842625,0.11025343221776626,-0.03351073843591353
1,-0.0029144287109375,0.0022531524300575256,0.03952577114105225
1,-0.011384864648183187,-0.02191013718644778,-0.02965881923834483
1,-0.05105824489146471,-0.021966328844428062,-0.01619582360281664
1,0.0026484400033950804,0.002242955565452576,-0.01866568624973297
1,0.06825832449472867,0.030587043899756212,-0.007819682359695435
1,-0.018962552601640873,0.008522297848354687,-0.022004254839637062
1,0.044206415116786954,0.016379962116479872,0.08727023253838222
1,0.03505578968260023,-0.06480706731478374,0.09615978869524869
1,0.0333209161957105,0.04155018925666809,0.06235593309005102
1,0.029376022517681122,0.11887702097495396,0.01733849694331487
1,-0.031004668937789068,-0.14421192473835415,-0.024047658524729988
1,-0.05103881657123566,0.02735437618361579,-0.04023410793807772
1,0.04908131636106051,-0.06206042720721318,0.07536973555882771
1,-0.037689752876758575,-0.018244195263832808,-0.056468852795660496
1,-0.0024908073246479034,-0.001304183155298233,0.07213064070258822
1,-0.04050403026243051,-0.010395641128222147,0.06734435260295868
1,0.018445415049791337,0.14711801707744598,-0.03660620884461836
1,0.004814803600311279,0.0011345624923706054,-0.025036720434824626
1,0.07830359041690826,0.04394760727882385,0.18647324045499167
1,0.027043785899877548,0.09650065377354622,-0.03739574386013879
1,0.03257039647835951,-0.0973829237314371,0.014519190788269043
1,-0.08683918292323749,0.0054456448803345365,0.019460280736287434
1,-0.09638532996177673,0.06363701820373535,0.011442330976327261
1,0.022284737655094693,-0.034570853625025065,0.09616813489368983
1,0.020160123705863953,0.15566226840019226,0.08003361026446025
1,-0.005526914046360896,0.1019198619402372,0.0949930449326833
1,0.0742649029601704,0.08928452025760304,0.11295713598911579
1,-0.1456389706581831,0.07890040799975395,0.01914727356698778
1,-0.15581353455781938,0.1967095673084259,0.07453117966651916
1,-0.0550559734304746,-0.053636930882930756,0.022000797666036166
1,-3.6010780820140134E-4,-0.013396782731568371,0.020670731152806963
1,-0.0241534024477005,-0.009239526465535164,0.0074529826641082765
1,0.06430374334255855,0.02188047704597314,-0.06356820969709329
1,0.022031443400515452,-0.04596301664908727,0.027842245603862562
1,-0.012900473343001472,0.10778417852189806,0.06854351609945297
1,-0.029922443357380955,0.07343761216510426,0.03996719555421309
1,0.015186411363107187,-0.04775364034705692,-0.016199196720945424
1,-0.045641365150610604,0.01815699165066083,0.060873452574014664
1,0.031960238019625345,-0.036264423032601675,0.07675045449286699
1,-0.04308270838330774,0.05255427956581116,-0.013104286458757188
1,-0.02496904383103053,-0.04393040016293526,-0.028458058834075928
1,0.041443644298447505,-0.026647802028391097,0.05520698842075136
1,0.029617806275685627,-0.05500500649213791,0.12723958864808083
1,5.558516298021589E-4,0.035820918423788886,0.06325477361679077
1,-0.05803525696198145,0.013770590225855509,0.1016091803709666
1,-0.07941116185651885,-0.06843768225775824,0.013736223181088766
1,-0.04450477328565386,-0.0018665790557861328,0.042139497399330136
1,0.09684035778045655,-0.02015067934989929,-0.030638718977570534
1,0.08439145409143887,-0.08611688848871452,0.12161977703754719
1,0.03918710798025131,0.049992573261260984,-0.011654369871724735
1,0.1015690267086029,0.07140931983788808,0.06469465047121048
1,-0.02540034188755921,0.05677384350981031,-0.010729201634724935
1,-0.03533983416855335,-0.060598419713122506,0.011049467138946056
1,0.04990194572342767,0.016170307166046567,0.004525583237409592
1,0.031474919273303106,-0.06365444024021809,0.0962457279364268
1,-0.03621747940778732,-0.07627811543643474,0.06291623711585999
1,-0.06881606365953173,-0.07638170197606087,0.029315534979104996
1,0.01575314998626709,-0.009619364142417907,0.011144867674870924
1,-0.07020992102722327,-0.11139714034895103,0.04273496355329241
1,0.027862873673439027,0.03549934476613999,-0.024319812655448914
1,-0.08611445806243202,0.00540765713561665,0.03994565399793478
1,0.07449430227279663,0.027912891573376127,-0.03638848933306607
1,-0.023064343975140497,0.03282676064051115,-0.08569772442181905
1,-0.026912702454460993,0.09011239475674099,-0.016030678898096083
1,0.001239318114060622,0.027683766988607552,0.02159732977549235
1,0.03860719874501228,0.02470419059197108,-0.029401049550090517
1,2.721746762593587E-4,-0.039795410301950246,0.03720440918749029
1,0.08076471293514426,-0.00638809935613112,-0.08836335347344478
1,-0.03714023344218731,0.04887635260820389,-0.05294476896524429
1,0.057228644688924156,-0.08827271064122517,0.03147821625073751
1,0.021651344639914378,-0.07086409122816154,0.119251691869327
1,-0.011972828209400177,0.03497694805264473,-0.0043463341710044115
1,-0.017350132577121258,-0.031576297245919704,-0.001998845487833023
1,0.03750528022646904,-0.031229693442583084,0.048061925917863846
1,0.052645423346095614,0.07302286227544148,-0.017302116751670836
1,0.017297314746039256,-0.004868277481624058,0.03522011637687683
1,-0.05543067523588737,0.037331126630306244,0.006719154970986503
1,-0.07138894249995549,0.08866723974545797,-0.05252442788332701
1,-0.05074553191661835,-0.12610912260909876,0.03816701791116169
1,0.05125845020467585,0.08421230045231906,-0.0027392879128456116
1,-0.03478199243545532,0.022038457068529995,-0.08255089695254962
1,-0.031405473297292534,0.014467177065936003,0.04602174346263592
1,-0.019626223615237644,-0.22743643926722662,0.032557083293795586
1,-0.12629292905330658,0.03733182450135549,-0.005313079804182053
1,0.056836217641830444,0.05810573467841515,-0.047135845323403675
1,0.03499380900309636,-0.010970181570603298,0.040160768798419406
1,-0.046791427514769814,-0.02382928403941068,0.005065105178139426
1,0.13855639100074768,0.07766076496669225,-0.02608607496534075
1,-9.725942061497615E-4,0.041145737354572005,0.09862718944038663
1,0.02788609266281128,-0.044803889734404426,0.03881604756627764
1,-0.004309241824290331,-0.006489839623956119,0.022996158235602908
1,0.028111083805561064,0.02046283334493637,0.10398795929822055
1,0.0276639461517334,-0.03252225658959813,0.08558608757125007
1,-0.04952728060575632,-0.05832571478990408,-0.002474821039608547
1,0.04319722205400467,0.07040867209434509,0.05378219272409167
1,0.06782800230112943,-0.010009619322690096,0.039991796016693115
1,-0.09501907527446747,-0.008387106657028198,-0.07502478510141372
1,0.025052601099014284,-0.009341680631041526,0.03855543973900023
1,-0.050105211635430656,-0.003816750314500597,-0.03640102446079254
1,0.030330389738082886,0.02052684341158186,0.08084572023815578
1,0.0353927731513977,0.019529205560684205,0.0709311876978193
1,0.047535691410303116,0.07445628568530083,0.03449251502752304
1,0.061661875722083176,-0.03030420026995919,7.057569243691185E-4
1,-0.02499050579287789,0.04879888621243564,0.03533571041547335
1,0.0333543340365092,-0.00403082271416982,0.06186747457832098
1,0.012142224907875062,0.010693538188934325,0.03535900950431824
1,-0.011722119525074959,-0.05771414190530777,-0.03630044683814049
1,0.011664748191833496,6.347708404064178E-4,-0.05057024636438915
1,0.04101401815811793,0.09773317476113637,0.015840535553602073
1,0.0885432470928539,0.028566078706221146,0.02452329259652358
1,0.012432453386923847,0.07702969628221848,0.07114051116837396
1,0.060032742364065986,-0.03727686405181885,0.004317634635501438
1,0.09412978920671675,0.014604790343178643,0.09799326956272125
1,0.10565348608153206,0.10755452513694763,0.10421689020262824
1,-0.022094129274288814,0.057223230600357056,0.002005126859460558
1,-0.09422072454502708,-0.04816110040012159,0.0495362611193406
1,0.06486248224973679,-0.024067513644695282,-0.07974308133125305
1,0.0630453284829855,0.025179516524076462,0.021278761327266693
1,0.007612397273381551,0.003994171818097432,-0.01910977065563202
1,0.029351375997066498,-0.018033469361918315,-0.0015944689512252808
1,0.06010311096906662,-0.05620410293340683,0.10608452310164769
1,0.03192610666155815,0.046686429530382156,0.0017954818904399872
1,-0.035152884821097054,0.09760446018642849,0.0923844196579673
1,-0.02172342617996037,-0.07574719307012856,-0.02728918194770813
1,0.029935503999392193,0.013289494646920098,0.08646490573883056
1,-0.005920504219830036,-0.02021837281063199,0.039398185080952115
1,0.13391784429550171,-0.01771399788558483,0.04247522828253833
1,0.0016548117356640951,-0.015462808310985565,0.019819336012005806
1,0.013742868304252625,0.037255514860153195,0.08217871418366066
1,-0.024616084372003872,0.0056199977795283,-0.04198448818463545
1,0.023066961103015475,0.002540939384036594,0.03611922264099121
1,0.040128123760223386,-0.024325639605522156,0.042589161131117076
1,-0.008818298578262329,-0.11780134867876768,0.15065709687769413
1,0.06954918889438405,0.016669741448234108,-0.020451377096929048
1,0.019909423258569505,0.051487084892061025,-0.04364656574196286
1,0.0639076679944992,-0.2034608405083418,-0.008307811804115772
1,0.08336357772350311,0.02726929187774658,0.023565533486279575
1,-0.03232707812761267,0.08412520090738933,0.027266909678777058
1,-0.0252254550394259,-0.03274301419916906,0.057328931987285614
1,-0.044107306438187756,0.03229399770498276,0.11946950356165568
1,-0.10519050732254982,-0.009323757886886597,0.055117972872473976
1,0.08926219410366482,0.08200636092159483,-0.07722405195236207
1,0.025267720222473145,-0.029665444791316987,-0.042707470059394834
1,-0.054524804651737216,9.101815521717072E-4,-0.017151853442192076
1,0.09381897002458572,0.006925962865352631,-0.05865844339132309
1,-0.023515546321868898,0.021635955572128295,0.056463013092676796
1,-0.05019570390383402,-0.0840665449698766,0.009904572367668152
1,-0.05775742419064045,-0.05341370776295662,-0.004880301654338837
1,0.028979212045669556,0.07464489340782166,0.17207793593406678
1,-0.035807514935731886,0.11130092442035674,0.029225053638219832
1,-0.13814031928777695,-0.03838245272636413,0.04294770893951257
1,-0.0056638531386852264,-0.11738366633653641,0.08895515650510788
1,7.367491722106934E-4,0.01224656105041504,0.1660062919060389
1,0.01094705859820048,0.010781750082969666,0.16529081548963273
1,-0.078254928955665,0.02758720746407142,0.01863050116942479
1,0.0033582927925246103,-0.022079391138894216,0.07970031102498372
1,0.019928480897630965,0.003972404769488743,-0.04899857612326741
1,-0.0020186578234036765,-0.006311078866322835,0.019731619528361728
1,-0.03900123658505353,-0.054824391549283806,-0.05757645689524137
1,-0.002242018779118856,0.15799039204915363,0.037991412422236276
1,0.03736045757929484,-0.04503614629308383,0.05392424575984478
1,0.037622684985399245,0.024367453902959822,-0.013807970353148201
1,0.017081681065834485,-0.013004802740537204,-0.03190181748225139
1,0.019630692899227142,-0.11541419290006161,0.0331453283627828
1,0.11671080191930135,0.0900786171356837,-0.026218532369687006
1,0.040177151560783386,0.00584465182489819,0.039148141940434776
1,-0.004437331306306939,-0.013167530298233032,0.002191894288573946
1,-0.041428959085827784,-0.014068395963736944,-0.05365799154554095
1,5.866256025102404E-4,-0.0548525316019853,-0.010483039170503616
1,0.03269802530606588,-0.0290015550951163,0.030482809990644455
1,-0.02661062777042389,0.05084924234284295,-0.015452268448742952
1,0.04511358936627706,0.08310998479525249,0.04049516702070832
1,-0.04778230509587696,-4.7969818115234375E-4,0.0449979268014431
1,0.10850624740123749,-0.06724386289715767,0.11988914864403862
1,0.00981963351368904,0.05189862549304962,0.008804104544899681
1,-0.0793324119665406,-0.06562446599656885,-0.11761517484079707
1,0.009471539121407729,0.005878654810098501,0.016034655846082248
1,-0.05293751358985901,-0.12132461667060852,-0.04416009357997349
1,-0.04255370423197746,0.011098217219114304,0.11121830642223358
1,-0.01771220440665881,0.10712049901485443,0.007706417391697566
1,-0.05785426590591669,0.07691919058561325,-0.03416287750005722
1,0.10177944813455854,-0.013460067766053336,0.12146173417568207
1,0.05136757493019104,0.04185907542705536,0.01479011153181394
1,0.07768417596817016,0.084785924355189,0.09767665863037109
1,0.010185211896896362,0.010293930768966675,-0.056310961643854775
1,-0.0754913677546111,0.030428195541555233,0.019759415433957025
1,0.017352595925331116,0.04128463193774223,-0.05414149723947048
1,0.03315227372305734,0.06369365964617048,0.07339705739702497
1,-0.05807349032589367,0.04480639951569693,0.04989914170333317
1,0.15376082062721252,0.03244893252849579,0.06880217045545578
1,-0.01498368051317003,0.07033765150441064,-0.0396987067328559
1,0.003557602564493815,0.029994696378707886,-0.041898497939109804
1,-0.03306715488433838,-0.014531560242176056,0.14506198714176813
1,0.06644036769866943,0.02552487850189209,0.07793043851852417
1,-0.010391164157125685,0.03255615962876214,0.01266026496887207
1,-0.02519832764353071,-0.005751470369952065,-0.010025739669799805
1,7.697120308876038E-4,0.015933562070131302,-5.604657861921522E-4
1,0.019172295928001404,-0.049756452441215515,-0.027375156059861183
1,-0.01194226385458656,0.0391137314879376,0.011029735803604127
1,-8.352125684420267E-4,-0.03419695111612479,-0.003252452382674584
1,0.02561604747405419,-0.03782485998593844,0.08873522877693177
1,-0.05809276116391023,-0.05304366288085779,0.014020005927274102
1,0.031503865495324135,0.05364946834743023,0.05216691829264164
1,0.04746350646018982,-0.018496178090572357,0.03995206253603101
1,-0.08611815422773361,0.025325079758961994,0.06013782229274511
1,-0.0806718369325002,0.16516530513763428,-0.02992391586303711