0,0.0,0.029999999329447746
1,0.6895000040531158,0.0
0,0.0,0.08900000154972076
1,0.8569999933242798,0.0
0,0.7979999780654907,0.028999999165534973
0,0.0,-0.7409999966621399
0,-0.47600001096725464,-0.054999999701976776
1,0.45299999602138996,0.0
1,0.3343333254257838,0.0
0,-0.4113333287338416,0.23600000143051147
1,0.8830000162124634,0.0
0,-0.07699999585747719,0.0
1,-0.20900000631809235,0.7739999890327454
0,0.0,-0.04800000041723251
1,0.8830000162124634,0.0
0,0.0,0.08900000154972076
0,0.0,-0.8330000042915344
1,0.0,0.07100000232458115
0,-0.8029999732971191,0.0
1,0.1080000028014183,0.19599999487400055
0,0.0,0.06199999898672104
1,0.1289999932050705,0.1289999932050705
0,0.13699999451637268,-0.061000000685453415
0,0.0,0.07199999690055847
0,0.0,-0.11299999803304672
0,-0.3607499897480011,0.07100000232458115
1,0.06599999591708183,0.0
0,0.0,0.13600000739097595
0,0.0,0.03099999949336052
1,0.0,0.10899999737739563
0,0.0,0.8330000042915344
1,0.0,0.13600000739097595
1,0.49399999529123306,0.0
0,-0.6660000085830688,0.0
1,0.5671250000596046,0.0
0,0.0,-0.3370000123977661
1,0.164000004529953,0.10599999874830246
0,0.0,0.03200000151991844
1,0.0,0.024000000208616257
1,0.0,-0.8529999852180481
0,0.9259999990463257,0.06199999898672104
0,0.0,0.14300000667572021
1,0.0,0.10899999737739563
0,0.0,-0.9330000281333923
0,-0.052000001072883606,-0.07800000160932541
1,0.8830000162124634,-0.10899999737739563
1,0.2039999949435393,0.0
1,0.02200000174343586,0.0
1,0.0,0.6669999957084656
1,0.04249999858438969,0.0
1,0.8569999933242798,-0.02500000037252903
1,0.17350000329315662,0.38600000739097595
0,-0.367000013589859,0.0
0,0.0,-0.26899999380111694
1,0.28966666261355084,0.7739999890327454
1,0.4507499970495701,0.10899999737739563
0,0.03700000047683716,0.0
0,0.08150000125169754,0.11299999803304672
0,-0.31449998542666435,0.032999999821186066
0,0.0,-0.23499999940395355
1,0.2529999911785126,-0.6899999976158142
1,0.4284999966621399,0.0
0,0.17749999463558197,0.0
1,0.8569999933242798,0.0
1,0.164000004529953,-0.035999998450279236
1,0.1469999998807907,0.0
1,0.0,0.6669999957084656
0,0.0,-0.06199999898672104
1,0.14550000429153442,0.0
1,0.054999999701976776,0.6669999957084656
0,0.0,0.07800000160932541
1,0.0,-0.6899999976158142
0,0.8830000162124634,0.0
1,0.16599999368190765,0.09200000017881393
0,0.8569999933242798,-0.035999998450279236
1,0.26899999380111694,0.07100000232458115
1,0.8569999933242798,0.0
0,-0.38199999928474426,0.0
1,0.4959999918937683,0.0
0,0.0,0.210999995470047
1,-0.05299999937415123,0.10899999737739563
1,0.4284999966621399,0.0
0,0.0,0.6880000233650208
0,0.0,-0.054999999701976776
0,0.0,0.07100000232458115
0,0.10000000149011612,-0.8149999976158142
1,0.0,-0.8149999976158142
0,0.0,-0.9330000281333923
0,0.0,0.7300000190734863
1,0.8493333458900452,0.0
0,0.1080000028014183,0.10999999940395355
1,0.04359999895095825,0.0
0,0.0689999982714653,-0.061000000685453415
1,0.0,0.6669999957084656
0,0.7139999866485596,0.16200000047683716
1,0.1362499976530671,0.04699999839067459
1,0.1103333334128062,0.0
1,0.47699999809265137,0.0
1,0.8569999933242798,0.0
1,0.18000000466903052,0.03999999910593033
0,-0.8849999904632568,0.8330000042915344
1,0.2529999911785126,0.0
1,0.08775000274181366,0.04500000178813934
0,0.011500000022351742,-0.8330000042915344
1,0.44600000977516174,0.0
1,0.8569999933242798,0.0
0,-0.367000013589859,0.0
0,0.0,-0.14300000667572021
1,-0.7289999723434448,0.31299999356269836
1,-0.11299999803304672,-0.04399999976158142
1,0.289000004529953,0.0
1,0.8569999933242798,-0.8769999742507935
0,0.0,-0.875
1,0.4415000081062317,0.0
0,0.0,-0.02500000037252903
1,0.3569999933242798,0.0
0,0.04333333422740301,0.9210000038146973
0,-0.2980000078678131,0.0
0,0.0,-0.9330000281333923
0,0.0,0.19599999487400055
1,0.4129999876022339,0.8330000042915344
0,-0.38199999928474426,0.0
0,0.0,0.7450000047683716
0,-0.47050000727176666,0.0
0,0.0,0.296999990940094
0,-0.38199999928474426,0.0
1,0.0,0.09300000220537186
1,0.36900000274181366,-0.1379999965429306
0,0.0,0.06199999898672104
1,0.07800000160932541,0.10199999809265137
1,0.14900000393390656,0.026000000536441803
1,0.5799999833106995,0.0
1,0.0,0.6669999957084656
0,-0.1589999943971634,0.07100000232458115
0,0.0,-0.05700000002980232
1,0.0,0.8330000042915344
0,0.0,-0.10899999737739563
1,0.44275000132620335,0.0
0,0.0,-0.08900000154972076
0,0.0,-0.8349999785423279
0,0.0,0.6079999804496765
0,-0.17749999929219484,0.0
1,0.8569999933242798,0.0
1,0.8569999933242798,0.0
1,0.0,0.09099999815225601
0,0.0,-0.8650000095367432
0,0.052000001072883606,0.7860000133514404
0,0.0,-0.06199999898672104
0,-0.1264999955892563,0.0
1,0.6527499938383698,0.0
0,0.0,-0.39100000262260437
0,0.0,-0.07800000160932541
1,0.8569999933242798,0.0
0,-0.17733332266410193,-0.6499999761581421
0,-0.7289999723434448,-0.23499999940395355
1,0.15049999952316284,0.0
0,0.0,-0.02500000037252903
0,-0.7929999828338623,0.0
1,0.0,0.23600000143051147
1,0.0,0.6669999957084656
0,0.0,-0.5820000171661377
0,-0.28849999606609344,0.0
1,-0.0689999982714653,0.061000000685453415
1,0.8830000162124634,0.061000000685453415
0,-0.2669999897480011,0.0
1,0.052000001072883606,0.0
0,-0.7289999723434448,0.0
1,0.824999988079071,0.0
1,0.8569999933242798,0.0
1,0.8830000162124634,0.0
0,0.0,0.10199999809265137
0,-0.7289999723434448,0.4749999940395355
0,0.0,-0.8769999742507935
1,0.8569999933242798,0.0
1,0.5253333250681559,-0.7889999747276306
1,0.09700000286102295,0.0
1,0.0,0.7739999890327454
1,0.0,0.7739999890327454
0,0.0,-0.31299999356269836
1,0.0,0.8510000109672546
0,-0.5913333495457967,0.07100000232458115
1,0.6059999912977219,0.5820000171661377
0,0.0,0.210999995470047
0,-0.9390000104904175,-0.9210000038146973
1,0.5254999846220016,0.0
1,0.35499998927116394,-0.31299999356269836
0,-0.9330000281333923,0.0
0,-0.8569999933242798,0.0
0,0.0,0.15199999511241913
0,-0.2619999945163727,0.0
0,0.10000000149011612,0.0
0,0.0,0.054999999701976776
1,0.0,0.04899999871850014
1,0.44600000977516174,0.0
1,0.5770000219345093,0.0
1,0.0,0.024000000208616257
1,0.0820000022649765,0.0
1,0.4109999965876341,0.8330000042915344
0,0.0,-0.10899999737739563
0,-0.05400000140070915,0.0
0,0.0,0.13600000739097595
0,0.024000000208616257,0.0
1,0.4959999918937683,0.03400000184774399
1,0.5104999989271164,0.0
0,-0.8650000095367432,0.0
1,0.3999999910593033,-0.6899999976158142
1,0.07000000216066837,0.0
1,0.5050000101327896,0.0
1,0.0,0.6669999957084656
0,-0.03500000108033419,0.14300000667572021
0,-0.38199999928474426,0.0
0,-0.09999999900658925,0.0
1,0.7820000052452087,0.0
1,0.0,0.07100000232458115
1,0.4415000081062317,0.0
1,0.8830000162124634,0.0
0,0.0,0.14300000667572021
1,0.8569999933242798,0.0
0,0.0,0.054999999701976776
0,0.0,-0.028999999165534973
0,0.0,0.04500000178813934
1,0.04899999871850014,0.04500000178813934
0,0.0,-0.8769999742507935
1,0.4284999966621399,0.0
0,-0.5659999847412109,-0.054999999701976776
1,0.8830000162124634,0.0
1,0.06849999725818634,0.0
1,0.8830000162124634,0.0
1,0.0,0.6669999957084656
0,0.15700000524520874,0.6899999976158142
1,0.7929999828338623,0.0
1,0.373500008136034,0.8330000042915344
1,0.8569999933242798,0.0
0,0.0,-0.7739999890327454
0,-0.06499999761581421,0.0
1,0.8700000047683716,0.14499999582767487
0,0.0,-0.06199999898672104
1,0.4959999918937683,0.0
1,0.6314999908208847,-0.14000000059604645
1,0.0,0.10599999874830246
0,-0.9020000100135803,0.0
0,0.0,-0.05999999865889549
0,0.0,0.10199999809265137
1,0.8389999866485596,0.10899999737739563
1,0.0,0.6359999775886536
1,0.8830000162124634,0.0
1,0.3803333416581154,0.029999999329447746
1,0.8569999933242798,0.10999999940395355
1,0.8569999933242798,0.0
0,-0.2955000102519989,-0.5899999737739563
0,-0.013500000350177288,0.0
0,0.0,-0.26100000739097595
1,0.8830000162124634,0.8330000042915344
0,0.0,-0.2930000126361847
1,0.1469999998807907,0.5820000171661377
1,0.1080000028014183,0.0
0,-0.25079999938607217,0.029999999329447746
1,0.0,0.8330000042915344
1,0.0,-0.32100000977516174
0,0.0,-0.8529999852180481
1,0.0,0.6669999957084656
1,0.2980000078678131,0.0
0,-0.8849999904632568,0.15199999511241913
0,0.0,-0.2930000126361847
1,0.777999997138977,0.0
0,0.0,-0.03200000151991844
1,0.27800001204013824,0.0
1,0.2529999911785126,0.0
1,0.0,0.1120000034570694
1,0.4959999918937683,0.0
1,0.43550000339746475,0.0
1,0.04899999871850014,-0.7829999923706055
0,-0.7450000047683716,0.0
0,0.07500000298023224,0.210999995470047
0,-0.2619999945163727,-0.0949999988079071
1,0.04899999871850014,0.4959999918937683
0,-0.2980000078678131,0.0
1,0.8569999933242798,0.0
1,0.8569999933242798,-0.02500000037252903
0,-0.3125,0.0
1,0.46850000880658627,0.0
1,-0.18866666158040366,0.10899999737739563
0,0.0,0.08699999749660492
1,0.0,0.31299999356269836
0,-0.9390000104904175,0.0
0,0.0,0.4959999918937683
0,0.2856666644414266,0.0
0,0.02449999935925007,0.8970000147819519
1,0.0,0.2750000059604645
1,0.0,0.164000004529953
0,0.0,0.14900000393390656
1,0.375,0.07100000232458115
0,-0.13350000604987144,0.0
1,-0.8830000162124634,0.0
1,0.7789999842643738,0.0
1,0.0,0.15199999511241913
1,0.0,0.6669999957084656
1,0.0560000017285347,0.061000000685453415
0,0.0,0.05700000002980232
1,0.6895000040531158,0.0
1,0.8569999933242798,0.0
0,0.8830000162124634,0.0
0,0.0,0.029999999329447746
0,-0.30750001097718876,0.0
1,-0.18199999630451202,0.13500000536441803
0,0.0,0.12300000339746475
1,0.0,0.04500000178813934
1,0.0,0.06199999898672104
0,0.0,0.04899999871850014
1,0.0,0.039000000804662704
1,0.0,-0.8529999852180481
0,0.0,0.13699999451637268
1,0.8569999933242798,0.0
1,0.0,0.4959999918937683
1,0.0,0.7739999890327454
1,0.0,0.210999995470047
0,0.3189999995132287,-0.07800000160932541
1,0.8305000066757202,0.10599999874830246
1,0.0,0.13600000739097595
1,0.4959999918937683,0.0
1,0.0,0.13600000739097595
0,0.0,0.054999999701976776
1,0.0560000017285347,0.6669999957084656
0,-0.03200000027815501,0.13600000739097595
0,0.0,0.1120000034570694
0,0.1080000028014183,0.061000000685453415
1,0.0,0.7739999890327454
1,0.7789999842643738,0.0
0,-0.27250000834465027,0.08900000154972076
0,-0.5009999871253967,0.0
1,0.0,0.07100000232458115
0,0.15700000524520874,0.10899999737739563
0,-0.40950000286102295,-0.05000000074505806
0,0.26899999380111694,0.0
1,0.8830000162124634,0.0
0,0.0,-0.10899999737739563
0,-0.875,0.12300000339746475
1,0.13099999725818634,0.07100000232458115
0,0.0,-0.035999998450279236
1,0.8569999933242798,0.0
1,0.0,0.31299999356269836
0,-0.3525000037625432,0.0
1,-0.8790000081062317,0.5649999976158142
1,0.0,0.11299999803304672
1,0.0,0.10599999874830246
1,0.0,0.8330000042915344
0,0.0,0.07800000160932541
0,0.0,0.14300000667572021
0,0.0,-0.8579999804496765
0,-0.1835000067949295,0.8149999976158142
0,0.0,0.8479999899864197
0,-0.0729999989271164,0.10899999737739563
1,0.1080000028014183,0.4410000145435333
1,0.0,0.7739999890327454
1,0.0,0.04500000178813934
0,0.0,-0.5820000171661377
1,0.2980000078678131,0.0
1,0.454333337644736,0.03700000047683716
0,-0.367000013589859,0.0
1,0.018333328266938526,-0.8149999976158142
1,0.3789999882380168,0.8330000042915344
0,-0.20900000631809235,0.19599999487400055
0,0.0,-0.023000000044703484
0,-0.8830000162124634,-0.6899999976158142
1,0.0,0.02500000037252903
1,0.07500000298023224,0.164000004529953
1,0.0,0.10899999737739563
0,0.0,-0.9390000104904175
1,0.0,0.7739999890327454
0,0.0,0.8330000042915344
0,0.0,-0.9330000281333923
0,-0.38199999928474426,0.5870000123977661
1,0.8569999933242798,0.0
0,0.0,-0.9330000281333923
0,-0.7559999823570251,0.14300000667572021
1,0.43999999668449163,0.061000000685453415
1,0.14900000393390656,0.0
0,-0.42499998584389687,0.0
1,0.8569999933242798,0.0
1,0.26899999380111694,0.07100000232458115
0,0.0,-0.07100000232458115
0,0.0,-0.0430000014603138
1,0.16649999655783176,0.0
0,0.0,0.31299999356269836
1,-0.026499999687075615,-0.210999995470047
0,-0.45499998703598976,0.1379999965429306
1,0.8569999933242798,0.19599999487400055
1,0.0,0.4819999933242798
1,0.0,0.6669999957084656
0,0.8870000243186951,0.0
0,-0.01750001311302185,0.1379999965429306
0,0.0,0.12999999523162842
0,0.0,0.2370000034570694
1,0.0,0.08799999952316284
1,0.11900000646710396,0.19599999487400055
1,0.8569999933242798,0.7739999890327454
1,0.0,0.31299999356269836
0,-0.7630000114440918,0.0
1,0.0,0.08500000089406967
1,0.3013333280881246,0.0
1,0.4959999918937683,0.0
0,0.0,-0.722000002861023
0,0.777999997138977,0.04500000178813934
1,0.13099999725818634,-0.6899999976158142
0,0.20199999399483204,0.03200000151991844
0,0.0,-0.7739999890327454
0,0.0,-0.03799999877810478
1,0.8569999933242798,0.0
0,0.0,0.05999999865889549
1,0.8600000143051147,0.25
0,0.21766666571299234,0.029999999329447746
1,0.8190000057220459,0.24500000476837158
1,0.05400000140070915,0.8330000042915344
1,0.8830000162124634,0.10899999737739563
1,0.7929999828338623,0.0
1,0.6052500009536743,0.10999999940395355
1,-0.05299999937415123,0.0
0,0.0,-0.7739999890327454
0,-0.020333331699172657,0.07800000160932541
1,0.8830000162124634,0.09399999678134918
1,0.0,0.061000000685453415
1,0.48249999806284904,0.06199999898672104
0,-0.9390000104904175,0.10300000011920929
0,0.15399999916553497,0.0
1,0.8830000162124634,0.0
1,0.8830000162124634,0.13600000739097595
0,0.0,0.0860000029206276
0,0.13449999690055847,0.027000000700354576
0,-0.7929999828338623,0.13500000536441803
1,0.05933334802587827,0.03099999949336052
1,0.3569999933242798,0.13899999856948853
1,0.04899999871850014,0.1679999977350235
0,0.1080000028014183,0.0
1,0.4129999876022339,0.07800000160932541
0,0.0,-0.8920000195503235
0,-0.722000002861023,-0.03200000151991844
0,0.0,-0.06199999898672104
1,0.05400000140070915,0.0
0,0.0,0.07100000232458115
0,0.0,0.10899999737739563
0,-0.06499999761581421,0.0
1,0.11566666886210442,0.1289999932050705
1,0.8830000162124634,0.6669999957084656
1,0.4284999966621399,0.6079999804496765
1,0.14800000190734863,0.0
1,-0.04100000113248825,0.06199999898672104
0,0.0,0.032999999821186066
0,0.0,-0.47600001096725464
1,0.8569999933242798,0.0
1,0.0,0.07800000160932541
1,-0.21599999070167542,0.0
0,0.0,-0.06199999898672104
0,-0.3269999921321869,0.0430000014603138
0,0.0,-0.054999999701976776
1,0.0,0.31200000643730164
0,0.8830000162124634,0.061000000685453415
0,-0.029999999329447746,0.07100000232458115
0,0.0,-0.8169999718666077
1,0.13600000366568565,0.8569999933242798
0,-0.9020000100135803,0.0
1,0.2980000078678131,0.0
1,0.0,0.5090000033378601
0,0.0,0.03200000151991844
0,-0.8809999823570251,0.0
0,0.07699999958276749,-0.8650000095367432
1,0.4284999966621399,-0.029999999329447746
0,-0.5009999871253967,0.061000000685453415
0,0.0,-0.02500000037252903
1,-0.16349999606609344,0.061000000685453415
1,0.0,0.210999995470047
0,-0.02199999988079071,0.05299999937415123
1,0.0,0.11299999803304672
0,-0.032999999821186066,0.7739999890327454
0,-0.26899999380111694,0.03200000151991844
0,0.0,0.029999999329447746
0,-0.9020000100135803,0.0
1,0.0,0.09300000220537186
1,0.3959999978542328,0.0
1,0.26899999380111694,0.07100000232458115
0,0.0,0.8330000042915344
1,0.8830000162124634,0.0
1,0.8569999933242798,0.0
1,0.4959999918937683,0.7739999890327454
0,0.15399999916553497,0.0
1,0.13099999725818634,0.0
1,0.2980000078678131,0.0
0,0.0,-0.4309999942779541
1,0.1080000028014183,0.7739999890327454
0,0.1340000033378601,0.7229999899864197
1,0.2529999911785126,0.0
1,0.0,0.10899999737739563
1,0.0,-0.6899999976158142
1,0.11649999767541885,0.24500000476837158
0,-0.2939999997615814,0.0
0,0.0,-0.8650000095367432
0,0.0,0.09399999678134918
0,0.040500001050531864,0.027000000700354576
1,0.0,0.07100000232458115
0,0.8224999904632568,0.02800000086426735
1,0.8569999933242798,0.0
0,0.05000000074505806,-0.23800000548362732
1,-0.22433332353830338,-0.4169999957084656
0,0.0,-0.10899999737739563
0,0.10100000351667404,-0.16300000250339508
1,0.01850000023841858,0.7739999890327454
0,0.0,0.4749999940395355
1,0.07199999690055847,0.05400000140070915
1,0.0,0.15199999511241913
0,0.0,0.8330000042915344
1,0.2579999966546893,0.10899999737739563
1,0.4415000081062317,0.20000000298023224
1,0.7929999828338623,0.0
0,-0.22500000521540642,0.0
1,0.4259999990463257,-0.8149999976158142
0,0.0690000057220459,0.0
0,-0.09120000228285789,0.5960000157356262
0,-0.9020000100135803,0.8330000042915344
1,0.5770000219345093,-0.08900000154972076
0,0.0,-0.12399999797344208
0,-0.1835000067949295,0.12999999523162842
1,-0.05299999937415123,0.0
1,0.0,0.03400000184774399
0,0.10100000351667404,0.09200000017881393
1,0.44600000977516174,0.0
0,-0.9020000100135803,0.0
1,0.26899999380111694,0.14300000667572021
0,-0.13699999451637268,-0.4169999957084656
0,0.0,-0.09200000017881393
1,0.37199999764561653,0.09399999678134918
0,0.0,-0.07100000232458115
1,0.053999999538064,0.16200000047683716
0,0.01850000023841858,0.7229999899864197
0,0.15700000524520874,-0.5820000171661377
1,0.28466667731602985,0.0
1,0.0,0.6669999957084656
1,0.04750000312924385,0.0
0,0.0,-0.7739999890327454
0,0.47600000724196434,0.061000000685453415
1,0.7459999918937683,0.0860000029206276
0,-0.8650000095367432,0.0
0,-0.05950000137090683,0.13899999856948853
0,0.15700000524520874,0.04600000008940697
1,0.14824999682605267,0.5090000033378601
0,0.0,0.11299999803304672
0,0.0,-0.050999999046325684
0,-0.37400001287460327,0.0
1,0.06549999862909317,0.0
1,0.4675000086426735,0.18799999356269836
0,0.2930000126361847,0.0
0,-0.2283333366115888,-0.26100000739097595
1,0.0,0.6669999957084656
1,0.26899999380111694,0.7129999995231628
0,0.0,-0.05299999937415123
0,0.0,0.125
0,-0.367000013589859,0.057999998331069946
1,0.050999999046325684,0.8190000057220459
1,0.0,0.07100000232458115
0,0.0,0.07100000232458115
1,0.4284999966621399,0.13500000536441803
0,0.3959999978542328,-0.10899999737739563
1,0.0,0.07100000232458115
1,0.21699999272823334,0.09399999678134918
0,0.0,-0.621999979019165
1,0.0,-0.3179999887943268
1,0.023000000044703484,0.07100000232458115
0,0.0,0.7300000190734863
1,0.0,0.09099999815225601
0,0.0,0.03200000151991844
1,0.2239999994635582,0.8330000042915344
0,0.0,0.06199999898672104
1,-0.35849998891353607,0.1120000034570694
0,0.0,0.07100000232458115
0,-0.12999999523162842,0.0
0,0.0,0.8330000042915344
1,0.0,0.052000001072883606
0,-0.318999994546175,-0.09099999815225601
1,0.8569999933242798,0.0
0,0.026333334545294445,0.061000000685453415
1,0.8830000162124634,0.0
1,0.0,-0.0430000014603138
1,0.1360000018030405,0.0
0,0.04450000077486038,0.061000000685453415
1,0.1080000028014183,0.0
1,0.06849999725818634,0.07100000232458115
1,0.8069999814033508,-0.875
1,0.2072000041604042,0.0
1,0.0,-0.5640000104904175
0,0.0,-0.035999998450279236
1,0.8569999933242798,-0.035999998450279236
0,0.0,0.07800000160932541
1,-0.5770000219345093,0.09200000017881393
0,0.0,-0.875
1,0.5095000118017197,0.09399999678134918
1,0.8830000162124634,0.0
1,0.578000009059906,0.0
1,0.8830000162124634,0.0
1,0.8569999933242798,0.0
1,0.0,0.7739999890327454
0,-0.8830000162124634,-0.07100000232458115
0,0.0,0.06199999898672104
0,0.052000001072883606,0.7860000133514404
1,0.0,0.8330000042915344
0,0.11699999868869781,0.07800000160932541
1,0.3894999921321869,0.0
0,0.0,-0.5820000171661377
1,0.01850000023841858,-0.6899999976158142
0,-0.7450000047683716,0.0
1,0.26899999380111694,0.07100000232458115
0,0.03550000116229057,0.07100000232458115
0,-0.7289999723434448,0.1120000034570694
1,-0.41599998623132706,0.07100000232458115
0,0.0,0.7450000047683716
1,0.2724999953061342,0.0
1,0.0,0.07100000232458115
1,0.0,-0.8149999976158142
1,0.0,-0.8529999852180481
0,0.16300000250339508,-0.0
0,0.46299999952316284,0.0
0,0.24449999630451202,0.0
0,0.0,-0.11999999731779099
0,0.3086666663487752,-0.8529999852180481
1,0.8569999933242798,0.0
0,0.07850000262260437,0.13600000739097595
0,0.03450000053271651,0.0
0,-0.46950000524520874,0.8330000042915344
1,0.8830000162124634,0.0
1,0.4959999918937683,0.0
1,0.0,0.024000000208616257
1,0.0,0.7739999890327454
1,0.8569999933242798,0.0
0,-0.013500000350177288,0.8330000042915344
0,-0.4050000011920929,0.10899999737739563
0,-0.8569999933242798,0.10899999737739563
0,0.026000000536441803,0.0860000029206276
0,-0.9390000104904175,0.0
0,0.0,-0.061000000685453415
0,0.35866667826970416,0.0
0,0.0,-0.035999998450279236
1,-0.8769999742507935,0.07100000232458115
1,0.2856666644414266,0.07100000232458115
0,-0.41499999165534973,-0.07100000232458115
0,0.0,-0.8529999852180481
1,0.0,0.15199999511241913
1,0.2980000078678131,0.06199999898672104
0,0.06549999862909317,0.0
1,0.8830000162124634,0.0
0,0.0,-0.31200000643730164
0,-0.27733333098391694,0.04500000178813934
1,0.13099999725818634,0.0
1,0.8569999933242798,0.0
1,0.8569999933242798,0.0
0,-0.2619999945163727,0.0
1,-0.31700001284480095,0.6669999957084656
0,0.5200000107288361,0.061000000685453415
1,0.4959999918937683,0.0
1,0.8830000162124634,0.0
1,0.2529999911785126,0.0
1,0.0560000017285347,0.0
1,0.0,0.5820000171661377
0,-0.7450000047683716,0.06800000369548798
1,0.0,0.08500000089406967
1,0.0,0.7739999890327454
1,0.0,0.15199999511241913
1,0.38666666050752,0.6880000233650208
1,0.31200000643730164,0.0
1,0.0,0.8330000042915344
0,-0.5120000243186951,0.07100000232458115
1,0.09600000083446503,0.0
0,-0.8830000162124634,0.296999990940094
1,0.8830000162124634,0.0
1,0.8830000162124634,0.0
0,0.0,-0.035999998450279236
0,0.0,0.06199999898672104
0,0.0,-0.23499999940395355
0,0.0,-0.6499999761581421
0,-0.6800000071525574,0.05700000002980232
0,-0.9390000104904175,0.0
0,0.0,-0.31299999356269836
0,-0.3009999990463257,0.08399999886751175
0,-0.7289999723434448,0.06199999898672104
0,-0.367000013589859,0.13500000536441803
0,-0.08649999648332596,0.19599999487400055
0,-0.2549999840557575,0.0
0,-0.5120000243186951,0.0
0,-0.8830000162124634,0.0
0,0.0,0.19599999487400055
1,0.164000004529953,0.0
1,0.4959999918937683,0.7129999995231628
1,0.0,-0.023000000044703484
0,0.2919999957084656,0.032999999821186066
1,0.0,0.2529999911785126
0,0.0,0.1379999965429306
0,-0.9020000100135803,0.0
0,0.08900000154972076,0.06199999898672104
1,0.07700002193450928,0.0
1,0.0,0.10199999809265137
1,0.0,0.7739999890327454
1,0.5886666774749756,0.0
1,0.5235000103712082,0.0
0,0.0,0.10999999940395355
1,0.8830000162124634,0.0
1,0.13099999725818634,0.0
1,0.5905000120401382,0.10999999940395355
1,0.22300000488758087,0.0860000029206276
1,0.8830000162124634,0.0
0,0.0,0.10899999737739563
1,0.0,0.4959999918937683
1,0.0,0.4959999918937683
0,0.0,-0.0729999989271164
1,0.1420000046491623,0.11299999803304672
0,-0.26600000262260437,0.0
1,0.16425000503659248,0.0
1,0.0,0.7129999995231628
0,0.0,-0.035999998450279236
0,0.0,0.8529999852180481
0,0.13699999451637268,-0.20000000298023224
1,0.044666667779286705,0.0
0,-0.09649999439716339,0.04899999871850014
1,0.0,0.1120000034570694
1,0.4959999918937683,0.0
1,0.2529999911785126,0.0
1,0.0,0.03400000184774399
0,0.0,-0.06199999898672104
1,0.26899999380111694,0.13500000536441803
0,0.17933333416779837,-0.6499999761581421
0,-0.9020000100135803,0.0
1,0.0,0.09200000017881393
1,0.777999997138977,0.07100000232458115
0,-0.5910000205039978,0.10899999737739563
0,0.8830000162124634,0.061000000685453415
1,-0.10524999536573887,0.1289999932050705
0,-0.31200000643730164,0.0
1,0.0,0.03200000151991844
1,0.0,0.039000000804662704
1,0.8830000162124634,0.0
1,0.0,0.06199999898672104
0,0.0,-0.875
0,0.0,-0.054999999701976776
0,-0.2856666644414266,-0.1379999965429306
0,0.0,0.13500000536441803
0,0.0,0.026000000536441803
1,-0.8360000252723694,0.0
0,0.024000000208616257,0.0
1,-0.13650000095367432,0.0
0,0.1080000028014183,0.0
1,0.2980000078678131,0.0
1,0.0,0.3959999978542328
1,0.8830000162124634,0.0
1,0.024000000208616257,0.8330000042915344
1,0.8569999933242798,0.7739999890327454
0,0.0,0.10899999737739563
0,0.0,0.8330000042915344
0,-0.5910000205039978,0.0
0,0.0,-0.19599999487400055
1,0.10100000351667404,0.10000000149011612
0,-0.2446666695177555,0.8330000042915344
0,-0.7450000047683716,0.07199999690055847
1,0.2980000078678131,0.0
1,0.0,0.31299999356269836
1,0.8830000162124634,0.16200000047683716
1,0.13099999725818634,0.04500000178813934
0,-0.3269999921321869,0.0
0,0.0,0.14300000667572021
0,0.0,-0.10300000011920929
1,0.13449999690055847,0.07800000160932541
1,0.0,0.06199999898672104
1,0.15899999625980854,0.07100000232458115
1,0.164000004529953,0.0
0,0.03700000047683716,0.07800000160932541
1,0.0,0.07100000232458115
0,-0.9330000281333923,0.0
0,0.0,-0.19599999487400055
1,0.0,0.8330000042915344
0,-0.11299999803304672,0.0
1,0.0,0.6669999957084656
1,0.75,0.31299999356269836
0,-0.3815000057220459,0.08399999886751175
1,0.14900000393390656,0.12999999523162842
1,0.7929999828338623,0.0
1,0.0,0.11299999803304672
1,0.47099999710917473,-0.05299999937415123
1,0.26899999380111694,0.0
0,0.29499998688697815,-0.10899999737739563
0,0.1340000033378601,-0.5899999737739563
1,0.0,0.1469999998807907
0,0.0,-0.04500000178813934
0,0.0,0.14300000667572021
0,-0.7900000214576721,-0.8149999976158142
1,0.0,0.4959999918937683
0,-0.13650000095367432,0.0
1,0.0,-0.09399999678134918
0,-0.38199999928474426,0.13500000536441803
0,0.0,0.054999999701976776
0,0.15700000524520874,0.0
0,0.0,-0.13600000739097595
0,0.0,0.9319999814033508
0,0.0,-0.13500000536441803
0,0.0,-0.03200000151991844
0,-0.0989999994635582,0.07100000232458115
0,0.0,0.9330000281333923
0,0.0,-0.5600000023841858
0,0.0,-0.03500000014901161
0,0.0,-0.9330000281333923
0,0.0,0.8330000042915344
0,0.01075000036507845,-0.9330000281333923
0,0.0,-0.04100000113248825
0,-0.22987499833106995,0.0
0,-0.6060000061988831,0.6499999761581421
0,-0.2865000031888485,-0.9330000281333923
0,-0.5659999847412109,0.041999999433755875
1,0.0,-0.8149999976158142
0,-0.028999999165534973,-0.14499999582767487
0,0.0,-0.054999999701976776
1,0.8830000162124634,0.061000000685453415
1,0.0,0.6669999957084656
1,0.8600000143051147,0.0
1,0.0,0.061000000685453415
1,0.4690000116825104,0.0
1,0.46299999952316284,0.0
0,-0.1354999952018261,0.5379999876022339
1,0.026000000536441803,0.10899999737739563
1,0.578000009059906,0.0
1,0.0,0.10300000011920929
1,0.18233333031336466,0.061000000685453415
1,0.0,0.09799999743700027
1,0.9259999990463257,0.5640000104904175
1,0.08100000023841858,0.0
1,0.17949999868869781,0.0560000017285347
1,0.023000000044703484,0.0
1,-0.5559999942779541,0.0
1,0.1080000028014183,0.0
1,0.0,-0.054999999701976776
1,0.8830000162124634,0.0
1,0.0,0.06199999898672104
0,0.13385714164802007,0.13500000536441803
0,0.0,0.10000000149011612
0,0.05899999849498272,-0.04600000008940697
0,-0.6190000176429749,0.0
0,0.0,-0.14900000393390656
0,0.0,-0.10999999940395355
0,-0.2759999930858612,0.0
0,0.05733333279689153,0.0
0,0.0,-0.1120000034570694
1,-0.7699999809265137,0.0
1,0.2539999932050705,-0.0
1,0.3709999918937683,0.8029999732971191
1,-0.27300000190734863,0.4169999957084656
0,-0.46549999713897705,0.03999999910593033
0,-0.5530000030994415,0.0
0,0.0,0.14499999582767487
1,0.4959999918937683,0.0
1,0.0,0.08699999749660492
1,0.0,0.04500000178813934
1,0.8830000162124634,0.061000000685453415
1,-0.5659999847412109,0.8679999709129333
0,-0.9330000281333923,0.0
0,-0.45399999618530273,0.0
0,-0.47600001096725464,0.0
0,0.8830000162124634,-0.9309999942779541
0,-0.8830000162124634,0.0
0,0.0,-0.06499999761581421
0,-0.2645000070333481,0.06499999761581421
1,0.8569999933242798,0.0
1,0.8830000162124634,0.14399999380111694
1,0.0,0.04100000113248825
1,0.8669999837875366,-0.8529999852180481
1,0.8569999933242798,0.0
1,0.4519999921321869,0.06199999898672104
0,0.3796666661898295,0.8230000138282776
1,0.15700000524520874,0.04500000178813934
1,0.0,0.11299999803304672
1,0.34599998593330383,0.0
1,0.0,0.04500000178813934
1,0.0,0.04500000178813934
1,0.0,-0.027000000700354576
1,0.19900000095367432,0.0
1,0.39899998903274536,0.07800000160932541
1,0.12999999523162842,0.06800000369548798
0,-0.1379999965429306,0.0
0,-0.4325000047683716,0.7229999899864197
1,-0.03875000774860382,0.0
1,0.6190000176429749,-0.039000000804662704
1,0.20633333921432495,0.10899999737739563
1,0.6200000047683716,0.061000000685453415
1,-0.9330000281333923,-0.061000000685453415
0,-0.8870000243186951,0.5540000200271606
0,-0.32566667596499127,0.0
0,0.0,-0.7039999961853027
0,0.16899999976158142,0.0
0,-0.7450000047683716,0.0
1,0.10599999874830246,0.5540000200271606
0,-0.722000002861023,-0.6669999957084656
0,0.0,0.12099999934434891
1,0.054999999701976776,0.0
1,0.07699999958276749,0.5540000200271606
0,-0.8830000162124634,0.0
0,-0.8769999742507935,-0.8149999976158142
0,-0.8870000243186951,0.061000000685453415
0,0.7260000109672546,0.0
0,0.07100000232458115,0.0
0,-0.08700000494718552,-0.847000002861023
1,0.0,0.04500000178813934
1,0.0,0.31299999356269836
1,0.8569999933242798,0.0
1,-0.1940000057220459,0.10899999737739563
1,0.164000004529953,0.0
1,0.0,0.125
1,0.0,0.578000009059906
1,0.0,0.31299999356269836
0,-0.16349999606609344,0.061000000685453415
1,0.05000000074505806,0.0
0,0.0,-0.10899999737739563
0,0.0,-0.1379999965429306
0,-0.4325000047683716,-0.09399999678134918
0,0.0754999965429306,0.0
0,0.8569999933242798,0.0
0,0.0,-0.23800000548362732
0,0.0560000017285347,-0.5540000200271606
0,0.0,0.6309999823570251
0,-0.40799999982118607,0.8330000042915344
0,-0.3280000016093254,0.0
0,0.0,-0.14499999582767487
0,0.03350000083446503,0.06300000101327896
0,0.878000020980835,-0.10899999737739563
0,0.08500000089406967,0.06499999761581421
0,0.0,-0.11100000143051147
1,0.12999999523162842,0.0
0,-0.05800000329812368,0.0
0,-0.03400000184774399,0.10899999737739563
0,-0.367000013589859,0.0
0,-0.9020000100135803,0.0
0,0.0989999994635582,0.0
0,0.0,0.057999998331069946
1,0.15399999916553497,0.6880000233650208
0,-0.04100000113248825,0.0
0,0.0,-0.9390000104904175
0,-0.7289999723434448,0.8330000042915344
0,0.0,-0.8349999785423279
0,0.0,-0.8069999814033508
0,0.0,0.12099999934434891
0,0.0,-0.37400001287460327
0,0.0,-0.061000000685453415
0,0.156000018119812,0.1120000034570694
0,-0.0811999961733818,-0.06300000101327896
0,-0.4060000032186508,0.1379999965429306
0,0.0,0.29899999499320984
0,0.8830000162124634,0.13500000536441803
0,0.8830000162124634,0.14499999582767487
0,-0.9020000100135803,-0.14499999582767487
0,-0.10083333651224773,0.0
0,-0.31200000643730164,0.0
0,-0.45399999618530273,0.0
0,0.35199999809265137,0.0
0,0.0,-0.5649999976158142
0,-0.04600000008940697,0.0
0,0.5230000019073486,0.0
0,-0.31200000643730164,0.04899999871850014
0,-0.367000013589859,0.0
0,0.0,0.7739999890327454
1,0.4959999918937683,0.0
1,0.0,0.10000000149011612
1,0.2856666644414266,0.04899999871850014
0,0.0,-0.5789999961853027
0,0.0,-0.24300000071525574
0,0.07100000232458115,0.0
1,0.0,0.6669999957084656
0,-0.367000013589859,0.0
0,0.0560000017285347,0.0
0,-0.367000013589859,0.0
1,0.8569999933242798,0.10999999940395355
1,0.020500000566244125,0.061000000685453415
1,0.0,0.061000000685453415
0,0.0,-0.8679999709129333
0,0.0,-0.061000000685453415
0,0.06449999660253525,-0.0949999988079071
0,0.0,-0.31299999356269836
1,0.0,0.1289999932050705
1,-0.27300000190734863,0.0430000014603138
1,0.5590000152587891,0.0
1,0.24799999594688416,0.13600000739097595
1,0.8569999933242798,0.0
0,0.14800000190734863,0.5540000200271606
1,0.0,0.578000009059906
0,0.14749999344348907,0.0
0,0.1080000028014183,0.15600000321865082
0,0.1379999965429306,0.0
0,-0.6430000066757202,0.0
0,0.03824999928474426,0.0
0,-0.46766666571299237,-0.11299999803304672
0,-0.37400001287460327,0.10100000351667404
0,0.0,0.7730000019073486
0,-0.041999995708465576,0.10899999737739563
1,0.0,0.5540000200271606
1,0.0,0.8700000047683716
0,-0.10400000214576721,0.5540000200271606
0,-0.22775000426918268,0.8330000042915344
0,0.0,-0.2930000126361847
0,-0.37400001287460327,-0.8579999804496765
0,0.0,0.054999999701976776
0,-0.9390000104904175,0.0
0,0.0,0.10899999737739563
0,-0.38199999928474426,0.0
0,0.0,-0.041999999433755875
0,0.0,0.06800000369548798
0,-0.8830000162124634,0.10899999737739563
1,0.8700000047683716,0.10899999737739563
1,0.2555999979376793,0.26100000739097595
0,0.02800000086426735,0.0
0,0.0,0.07100000232458115
1,0.0,0.5540000200271606
0,-0.367000013589859,0.0
0,-0.5576666792233785,0.10899999737739563
0,0.0,-0.8069999814033508
0,0.0,0.04699999839067459
0,0.0,-0.8069999814033508
0,0.0,-0.8069999814033508
0,0.0,-0.8069999814033508
1,0.164000004529953,0.0
1,0.6190000176429749,0.0
1,0.6190000176429749,0.0
0,0.1340000033378601,0.0
0,-0.6190000176429749,0.11900000274181366
0,-0.28999999165534973,0.1120000034570694
1,0.0,0.06199999898672104
1,-0.5659999847412109,0.0
1,0.05050000175833702,-0.8349999785423279
1,0.0,0.11900000274181366
1,0.0,0.04500000178813934
1,0.4284999966621399,0.0
1,0.1784999966621399,0.11100000143051147
1,0.4959999918937683,0.0
1,0.0,0.13500000536441803
1,-0.054499998688697815,-0.7179999947547913
1,0.3525999907404184,0.07100000232458115
1,0.0,0.8679999709129333
0,0.0,0.04500000178813934
0,-0.003999978303909302,0.07800000160932541
1,0.1469999998807907,0.0
0,0.0,-0.6669999957084656
0,-0.6790000200271606,-0.8330000042915344
0,-0.367000013589859,0.061000000685453415
0,0.0,0.14499999582767487
0,-0.367000013589859,0.0
0,-0.367000013589859,0.0
0,0.0,-0.054999999701976776
0,-0.367000013589859,0.0
1,0.22300000488758087,0.0
1,0.0,0.24500000476837158
1,0.42149999737739563,0.0
1,-0.010333333164453506,0.0
1,0.3894999921321869,0.0
1,0.010499999392777681,0.12300000339746475
1,0.6310000022252401,-0.061000000685453415
1,0.0,0.7739999890327454
0,0.0,-0.11299999803304672
1,0.0,-0.8149999976158142
1,0.0,0.8830000162124634
1,0.0,0.15700000524520874
1,0.8050000071525574,0.0
1,0.06149999983608723,0.0
0,-0.156333327293396,-0.8149999976158142
0,0.12825000286102295,0.08699999749660492
0,0.2949999924749136,0.04500000178813934
0,0.02275000000372529,-0.8130000233650208
1,0.6190000176429749,0.0
1,0.5450000166893005,0.0
1,0.14233333865801492,0.0
1,-0.07900000363588333,0.6880000233650208
1,0.08399999886751175,0.0
1,0.7224999964237213,0.0
1,0.0,0.6880000233650208
1,0.6190000176429749,-0.8149999976158142
1,0.9210000038146973,0.0
1,0.578000009059906,0.061000000685453415
1,0.0,0.6669999957084656
1,0.578000009059906,0.0
1,0.0,0.5699999928474426
1,0.0,0.26899999380111694
0,-0.3800000138580799,0.0
0,-0.9020000100135803,0.0
0,-0.28466666924456757,0.6880000233650208
0,0.0,0.054999999701976776
0,-0.21299999952316284,0.04699999839067459
0,0.0,-0.23800000548362732
0,0.16300000250339508,-0.0
0,-0.7329999804496765,0.04500000178813934
0,0.0,-0.26100000739097595
0,0.0,-0.057999998331069946
0,0.0,-0.8600000143051147
0,0.10000000149011612,0.0
1,0.8830000162124634,0.5540000200271606
1,-0.013500000350177288,0.0
1,0.2630000114440918,0.0
1,0.6190000176429749,0.0
1,0.05299999937415123,0.0
1,0.3959999978542328,0.0
0,-0.17833333214124045,0.10899999737739563
0,-0.31200000643730164,0.0
0,-0.367000013589859,-0.5540000200271606
0,-0.12800000607967377,0.0
1,0.0,0.04500000178813934
1,0.07699999958276749,-0.6589999794960022
1,0.0,0.5540000200271606
1,0.0,0.04500000178813934
1,0.48250000551342964,-0.1379999965429306
1,0.7955000102519989,0.7739999890327454
1,0.4690000116825104,0.5540000200271606
1,0.005750000011175871,0.0
1,0.6919999718666077,0.0
1,0.07500000298023224,0.5379999876022339
1,0.12999999523162842,0.06800000369548798
1,0.05400000140070915,-0.027000000700354576
1,0.0,-0.06700000166893005
1,0.24550000578165054,0.1379999965429306
0,0.05400000140070915,-0.8149999976158142
0,0.0,0.7229999899864197
0,-0.09399999678134918,-0.10899999737739563
0,-0.5665000081062317,0.0
0,-0.5214999914169312,0.04500000178813934
0,-0.1055000014603138,-0.8870000243186951
0,0.0,0.03099999949336052
1,0.5264285693743399,0.10899999737739563
1,0.7789999842643738,0.06199999898672104
1,0.0,0.6669999957084656
0,-0.17799999875326952,0.061000000685453415
0,-0.3240000009536743,-0.028999999165534973
0,-0.3395000100135803,0.10899999737739563
0,0.0,-0.8330000042915344
1,0.5410000085830688,0.061000000685453415
1,0.3204999975860119,0.12099999934434891
1,0.0,0.07100000232458115
1,0.08399999886751175,0.0
1,0.0,0.8529999852180481
1,0.041999999433755875,0.10000000149011612
1,0.4430000018328428,0.0
1,0.12516666452089945,0.0
1,0.027999999622503918,0.16300000250339508
1,0.08500000089406967,0.0
1,-0.12539999894797801,0.03700000047683716
1,0.0,0.8330000042915344
1,0.8830000162124634,0.03700000047683716
0,-0.45399999618530273,0.0
0,0.13699999451637268,0.8029999732971191
1,0.515000008046627,0.061000000685453415
1,0.8830000162124634,0.0
1,0.3264999985694885,0.061000000685453415
1,0.6866666773955027,0.0
1,0.0,0.7229999899864197
1,0.2304999977350235,0.0
1,0.0,0.8679999709129333
1,0.0,0.31299999356269836
0,0.0,-0.13500000536441803
1,0.5720000267028809,0.1080000028014183
1,0.4959999918937683,0.0
1,0.0,0.6880000233650208
1,-0.04100000113248825,0.0
1,0.0860000029206276,0.023000000044703484
1,0.06700000166893005,0.06199999898672104
0,-0.367000013589859,-0.8069999814033508
0,-0.367000013589859,0.0
0,-0.38199999928474426,0.07100000232458115
0,0.0,-0.03500000014901161
1,-0.045333330829938255,-0.3160000145435333
1,0.3428750028833747,0.05299999937415123
0,-0.12216666340827942,0.13899999856948853
0,-0.017499998211860657,0.10899999737739563
0,-0.0746666689713796,0.5379999876022339
0,-0.9309999942779541,0.11299999803304672
0,-0.367000013589859,-0.061000000685453415
0,-0.1835000067949295,0.061000000685453415
0,-0.3140000104904175,0.0
0,-0.09666667381922404,-0.23800000548362732
0,0.0,-0.023000000044703484
0,0.0,-0.7739999890327454
0,0.7820000052452087,0.1120000034570694
1,0.4986666614810626,0.6669999957084656
1,0.9020000100135803,0.0
0,-0.04383333524068197,0.0
1,0.05000000074505806,0.8330000042915344
0,0.07699999958276749,0.0
1,0.4415000081062317,0.0
0,0.06800000136718154,0.24500000476837158
0,-0.367000013589859,0.14499999582767487
1,0.2280000075697899,0.0
0,-0.350000012665987,0.0
0,0.03099999949336052,0.0
1,0.6919999718666077,0.5540000200271606
1,0.4145000074058771,0.23800000548362732
1,0.0,-0.31299999356269836
0,-0.367000013589859,0.0
0,0.4205000028014183,0.0
0,0.0,-0.050999999046325684
0,-0.8830000162124634,0.0
0,0.0,-0.210999995470047
0,-0.31200000643730164,-0.1120000034570694
0,0.0,0.07100000232458115
0,0.0,-0.04100000113248825
0,0.0,0.5540000200271606
0,-0.466499999165535,0.1379999965429306
0,-0.564500018954277,0.0
0,-0.18299999088048935,0.11900000274181366
0,-0.21299999952316284,0.0
0,-0.7379999756813049,0.0
0,0.0,-0.8920000195503235
1,0.7929999828338623,0.6880000233650208
1,0.4284999966621399,0.1120000034570694
0,-0.17357142376048224,0.061000000685453415
0,-0.37400001287460327,0.061000000685453415
0,0.0,0.061000000685453415
0,-0.3710000067949295,-0.0820000022649765
0,-0.2475000098347664,0.3160000145435333
0,-0.5659999847412109,0.10899999737739563
0,0.02329999953508377,0.8299999833106995
0,-0.367000013589859,-0.027000000700354576
0,0.0,0.04899999871850014
0,0.8174999952316284,0.06300000101327896
1,0.3206666633486748,0.6669999957084656
1,0.0,0.1120000034570694
1,0.0,0.11100000143051147
1,0.0560000017285347,0.8679999709129333
1,0.0,0.16200000047683716
1,0.0,-0.6309999823570251
0,-0.28299999237060547,-0.0430000014603138
0,-0.429500013589859,-0.0689999982714653
1,-0.4573333263397217,0.0430000014603138
1,0.28199999779462814,0.0
1,0.0,0.8330000042915344
1,-0.15425000339746475,0.11299999803304672
1,0.289000004529953,-0.1379999965429306
1,0.4415000081062317,0.0
1,0.35199999064207077,-0.8149999976158142
1,0.12800000607967377,0.8930000066757202
1,0.0,-0.8149999976158142
1,0.14499999582767487,0.17800000309944153
1,0.03400000184774399,0.03099999949336052
1,0.4195000007748604,0.0
1,0.0,0.6880000233650208
1,0.06549999862909317,0.15000000596046448
0,0.02500000037252903,0.10700000077486038
0,0.0,-0.9129999876022339
0,0.0,0.061000000685453415
0,-0.7360000014305115,0.13600000739097595
0,0.07699999958276749,0.04600000008940697
1,0.8830000162124634,0.0
1,0.12999999523162842,0.06800000369548798
0,-0.15450000017881393,0.0
0,-0.5054999887943268,0.0
0,-0.367000013589859,0.0
0,0.07850000262260437,-0.1379999965429306
0,-0.367000013589859,0.0