0,-0.03299159074530882,0.005424410104751587,-0.065110839119083
0,-0.04778456605143017,-0.0062274436155955,0.026452958583831787
0,-0.050468785067399345,0.022123727947473526,-0.09503851724522454
1,0.026351748832634518,0.001904046961239406,0.07152197510004044
0,-0.018334264556566875,-0.016067862510681152,-0.0961987853050232
0,0.003311621291296823,-7.871900285993304E-4,-0.01572986940542857
0,-0.02608043421059847,0.056040000170469284,0.09323850646615028
0,0.01897382934888204,-0.085809592405955,-0.006815594621002674
1,-0.005991540583116668,-0.004638493061065674,-0.03240424394607544
1,0.013185232877731323,0.11229748680041386,0.14002116597615755
0,-0.04555325768887997,-0.07457284443080425,-0.04467572662092391
0,-0.026180505752563477,-0.03298202984862857,0.011339090087197044
1,-0.04723646655678749,-0.0013688632845878601,-0.006222379704316457
0,-0.09640136361122131,-0.01337811474998792,0.03949408667782942
0,0.043213218450546265,0.09379881123701732,0.07701174542307854
0,-0.06000128175531115,0.04759151594979422,-0.022175919264554977
1,-0.033101875048417315,-0.03727832150000792,0.024129260044831496
0,0.13981098532676697,0.05364120006561279,-0.010700265566507975
1,-0.020355033874511718,0.030466467142105103,0.09169921278953552
1,-0.057066855105486786,0.04376858472824097,0.048226166229981646
0,-0.009746041148900986,-0.030890651668111484,0.007950967976025172
1,-0.0073556798069100635,-0.02675360127499229,0.04556394564478021
1,-0.0028041377663612366,-0.0045541028181711836,-3.162581812251698E-4
1,0.0031499632380225444,0.019053398885510185,-0.017812479626048695
1,-0.008845578879117966,-0.09538755379617214,0.09670398963822259
1,0.10538729031880696,0.04352127015590668,-0.1223682959874471
0,-0.05282171666622162,-0.019984710216522216,-0.030330353416502476
0,-0.12603770494461058,-0.0646856427192688,0.04709600444350924
0,-0.043231851886957884,-0.006055720150470734,-0.08116440325975419
0,-0.08492118095358213,0.010907971858978271,0.031834479173024496
1,0.033526892960071566,0.05083849430084229,-0.03165252010027567
0,0.006914762513978141,-0.08442058307783944,-0.024127510376274586
0,-0.10238126665353775,-0.09463123790919781,-0.11341507211327553
0,0.03290357334273202,0.017893139805112566,0.020585195885764226
1,0.024578798030103956,-0.03292629335607801,0.0051924437284469604
0,0.0034631586500576566,-0.015129791838782174,0.05826766323298216
1,-0.017275940913420457,-0.019320970544448264,0.048820252601916976
0,-0.003425012653072675,-0.057413483038544655,0.018016170996886034
0,0.007055447860197587,-0.07131260227073323,0.03054640238935297
0,-0.0010092053562402725,-0.11426586533586185,-0.032291222077149614
1,-0.029989685331072127,0.008660073791231428,0.09140442477332221
0,-0.16518219312032065,-0.031239132086435955,0.03236823678016663
1,-0.02448290338118871,0.011540129780769348,0.033858837265717354
0,-0.08455550505055322,-0.03448298076788584,-0.00537941853205363
1,-0.11980265804699489,-0.01957265074763979,0.054628332455952965
0,0.018379893567827012,-0.06902313397990333,0.02860223976048556
0,-0.053305515088140965,7.637012749910355E-4,0.01334627800517612
1,-0.06295979811864741,-0.007064709330306333,-0.009756134528862802
0,-0.06720618690763201,-0.12240282765456609,-0.03500355614556207
1,0.011311344305674235,0.07651866177717845,0.014518005882992464
1,0.02953683232006274,0.05636081883781835,0.06658635111082167
0,0.01098366720335824,-0.09376085443156106,-0.011426296085119247
0,-0.010869268666614185,0.10335853424939243,-0.01026936417276209
0,-0.05408049436906973,0.08594717582066853,-0.006257474422454834
1,0.008037090301513672,-0.004979770630598068,0.08130060136318207
1,-0.04550391249358654,-0.026139152236282825,-0.06617616340517998
1,0.00833572612868415,-4.139078987969293E-4,0.09841553701294793
0,0.04864095741262039,-0.17881868282953897,-0.052883631334855005
0,-0.002681976556777954,-0.1397718608379364,0.06713199615478516
1,0.0057354902227719625,0.014648632208506266,-0.09500278681516647
0,-0.06483697611838579,-0.031567277386784554,-0.05091665663263377
0,-0.03491093814373016,0.022153303027153015,0.033919875820477806
1,0.03254335267203195,0.023202857800892422,-0.10938379168510437
1,0.08988752109663826,-0.05340453822697912,-0.04584802356031206
1,-0.0032963317174177905,-0.043589396545520194,-0.0063901011432920185
0,-0.07564035927255948,0.0014798541863759358,-0.12966393364163545
1,-0.026745628033365523,0.06420648310865675,0.05024282421384539
0,0.047589687740101534,-0.014862048275330487,0.0031058998668895047
1,0.03551790015450839,-0.04351164400577545,0.057604665237088355
1,-0.04218340814113617,-0.042386953035990396,0.017825448885560036
1,0.030305784195661545,0.0165674090385437,0.052455031871795656
1,0.005487959086894989,-0.03922958597540856,0.03911326266825199
0,-0.027199922395604,-0.05168450730187552,-0.010778140742331743
0,-0.03175542290721621,-0.025452013526644026,-0.04074595123529434
0,-0.09460141994059086,-0.11997946724295616,-0.03331097960472107
0,0.021310205642993633,-0.020613820793536995,-0.019209065116368808
1,0.11104641556739807,0.043601393699645996,0.14207914471626282
0,-0.10199237118164699,-0.054241415858268735,-0.07604444815832026
1,0.0028062661488850913,-0.078703207274278,-0.05749065180619558
1,0.023679062724113464,-0.06091684103012085,0.016729278696907893
1,0.034057557582855225,-0.028473037481307983,0.02158101201057434
1,0.04221498221158981,-0.09686764143407345,0.04745969772338867
0,-0.07667716294527054,-0.05886954516172409,-0.09935712001540443
0,-0.07507851261358994,-0.031823733678230874,-0.004812853535016378
1,0.10328170657157898,0.06867593195703295,-0.09428805775112575
1,-0.009673128334375529,0.06729428584759052,0.03781363711907314
0,-0.041906737023964524,-0.002120579592883587,0.030182208633050323
0,-0.0618736224869887,-0.07293873354792595,-0.05209904536604881
0,0.005770371192031437,0.06599697470664978,0.03363509397757681
1,-0.045018939410938937,-0.03685938917538699,-0.0496231256162419
1,-0.003055578718582789,0.029703182478745777,-0.00841435446189
0,0.007096794247627258,0.04136854708194733,-0.013894785195589066
0,-0.08842044610243577,-0.03185709050068489,-0.05216896853276661
1,-0.05074046365916729,-0.110238385386765,0.04100795388221741
1,0.115401491522789,-0.02169520314782858,0.06288174291451772
1,-0.21234270930290222,-0.07700205097595851,-0.07413288525172643
0,3.1651421026750046E-4,-0.12263804470950906,-0.10126019765933354
0,-0.01241101324558258,-0.02101171265045802,5.234938401442308E-4
0,0.11150929060849277,0.06884097511118109,-0.026041240741809208
0,6.477534770965576E-4,0.0621100129051642,0.01583599471128904
0,-0.10540573795636494,-0.24088637282450995,-0.16056669255097708
1,-0.02104952186346054,0.08643361181020737,-0.03674625688129001
0,0.041721724801593356,0.02410130865044064,0.03729692643338984
1,0.04540920754273733,-0.01650107403596242,0.11568407714366913
0,-0.0945575733979543,-0.022735791901747387,-0.06222452436174665
0,-0.05997731536626816,0.0389696329832077,0.09620316624641419
1,-0.007005910981785168,0.06144757704301314,0.03789313340728933
0,0.012477317026683263,-0.005692952445575169,-0.0033087190240621567
1,0.05786662006920034,-0.025375988673080097,0.12572327256202698
1,-0.009642799695332846,-0.08633145689964294,0.03918068408966065
1,-0.08680886588990688,-0.04312621336430311,0.03419408015906811
1,0.031481776386499405,0.03316793590784073,0.01021982729434967
1,0.012029849820666842,-0.04500791927178701,-0.027470499277114868
0,0.09218970366886683,-0.02660148697240012,-0.014764862401144845
0,-0.05721236765384674,-0.046406568586826326,-0.0735463226834933
0,8.177120859424273E-4,0.017705415685971577,-0.02015429859360059
0,0.018566720760785617,0.030436390867600076,0.013868270175797599
1,0.07206912977354867,0.060793672289167135,-0.02080082893371582
0,-0.03161687084606716,-0.06553030971969877,-0.06375614873000554
0,-0.045922799543900925,0.0036800828847018156,-0.033142297313763544
0,-0.16405012210210165,-0.04276292026042938,0.02964991331100464
1,0.017158083225551405,-0.031729045667146384,-0.012690909579396248
0,-0.041083146418843954,-0.10408159877572741,-0.04258134381638633
1,-0.0417628139257431,0.07414885209156917,0.05896945723465511
0,-0.032816778123378756,0.03354593217372894,-0.0026967064900831742
0,0.009907053952867334,0.07781922190704128,-0.012048421427607536
0,-0.09311419725418091,0.025510519742965698,0.02393229305744171
0,0.00725389023621877,0.09545659025510152,0.10590306917826335
1,-0.06924448878719257,0.03333614651973431,0.02028034230073293
0,-0.06734784858094321,0.058644632498423256,0.03833609548482028
1,0.029888339340686798,0.060607414692640305,0.029849105328321458
1,-0.15474695795112187,-0.10371230708228217,0.0038788779215379195
0,0.024705517177398387,-0.029462450971970193,-0.02296023300060859
0,0.08534304425120354,-0.08332771202549338,-0.016311443514294095
1,-0.030333131551742554,-7.234439253807068E-4,0.05781134366989136
1,0.01643479863802592,-0.11684749523798625,-0.05696619302034378
1,0.05338437740619366,0.12692632984656554,0.04823975463708242
0,0.04893380976640261,-0.12255176099447104,-0.026072441385342524
0,-0.12701896471636637,-0.027383780905178616,0.0125395225154029
1,0.02807588279247284,-0.07990958765149117,0.1291519726316134
1,0.048434726893901825,0.06507809087634087,-0.06985261067748069
1,-0.011047384568623133,0.05002792818205697,0.05160689726471901
1,0.001952020451426506,0.009101963602006435,0.02820211517460206
1,-0.05475548251221577,0.10635282347599666,0.023291611777884618
1,-0.07162710508474937,0.011493552189606886,-0.04239786522729056
1,0.012595208627837045,-0.09042027406394482,-0.0030356338247656822
0,-0.10463523119688034,-0.1141809094697237,-0.021417583028475445
0,0.02622453040546841,0.02693603767289056,-0.04474446448412808
0,0.026787911355495454,-0.09596438333392143,-0.14536054330793294
1,-0.0206581958466106,-0.030822762184672885,0.027993079274892807
0,0.024647289514541627,0.03375154137611389,0.04004057816096714
1,-0.023105092346668243,0.11633569002151489,-0.007488835070814405
1,-0.03159956805981123,0.0330666727744616,0.0065487156311670935
0,0.03123607113957405,0.021650364622473717,-0.04411299361122979
1,0.059003346106585336,0.002882982878124013,0.0500440283825523
1,-0.048152676224708556,0.030175358057022095,0.04168937106927236
0,-0.0035439497894710964,0.07908376057942708,-0.06257997618781196
0,-0.0323732928796248,-0.05341488258405165,-0.05303049116180493
1,0.018382202833890915,-0.0347124133259058,-0.019372329115867615
1,0.08054816547562094,-0.019138809512643254,0.019624030424488917
0,0.009651988744735718,0.009796181959765298,-0.06333766712082757
0,-0.040630950695938535,0.009227974547280205,0.028398772080739338
0,-0.0038453929481052215,-0.010888426076798212,0.03364638510075482
0,-0.016328504681587218,-0.07184527218341827,-6.262287497520447E-4
1,-0.011357690393924712,-0.10663089528679848,0.1729714423418045
0,-0.02625493492398943,0.017773198229925975,0.07510396465659142
0,-0.03619100070661969,0.01893021994166904,0.015443284809589387
1,0.03553538712171408,-0.08570903797562306,-0.01641205350557963
1,0.03381529024669102,0.02142219032560076,0.04198883970578512
1,-0.10403838008642197,-0.01962907612323761,0.1557069569826126
1,-0.009440903277958141,-0.004168043241781347,-0.019054763226045504
1,0.024574792385101317,0.09753630161285401,-0.05400217920541763
0,-0.014454164852698645,-0.013988776132464409,-0.047932421358732075
1,0.08370860985347203,0.005437515676021576,-0.006424364633858204
1,0.05592571049928665,0.015443944931030273,0.06536638194864447
1,-0.0030070715225659884,0.0516010860984142,0.1482431682256552
1,0.022741258144378662,-0.03016538918018341,0.01201505959033966
0,-0.09604800492525101,0.08857858722860162,-0.05248021198944612
1,0.051485690474510196,-0.036006464064121245,0.18627130443399603
0,0.0026198774576187134,0.01570646677698408,0.027710016816854477
1,0.05373631591598193,0.06096612314383189,0.05097876664470224
1,-0.009120946893325219,0.06244846490713266,0.0707357908998217
0,-0.08341451063752174,-0.010707682371139527,-0.024425915131966274
1,-0.07530280202627182,0.16526480615139008,0.06248067021369934
1,0.0133809894323349,0.020059198141098022,0.0745280146598816
0,-0.06162325541178385,-0.021972970830069646,-0.053127638250589374
1,0.0197589567729405,0.031449094414711,0.06115695834159851
0,0.042525534118924825,-0.15065423718520574,0.034134229024251304
0,-0.007919468482335408,-0.04860349347194036,-0.0027320832014083862
1,-0.049331246978706784,2.8216176562839086E-5,0.025870174169540405
1,0.03038371673652104,-0.029450652854783193,-0.00438416696020535
0,0.005835812200199474,0.01659280468117107,-0.01494982341925303
0,-0.055210144924266,0.038153644118990214,-0.0067797866132524275
0,-0.010022088885307312,-0.0034329742193222046,0.011408398548762003
0,-0.010580736398696899,-0.053400610387325284,0.09618213230913336
1,0.10161514083544414,0.0535756399234136,0.04852424697442488
1,0.0271803617477417,-0.03296646475791931,-0.07173250828470502
1,-0.011528778076171874,0.06609811782836914,-0.03496645816734859
1,0.05550328455865383,0.06116886188586553,0.013189415519054119
1,0.048755377531051636,0.078474161028862,-0.011218937960537996
1,0.017051259902390568,0.040740587494590065,0.019506782293319702
0,0.026776839047670364,-0.06152756201724211,-0.018813473482926685
1,-0.012258405486742655,0.07717734823624293,-0.052847493439912796
1,0.020000310407744512,0.0019864439964294434,0.09744451045989991
1,-0.060701927968433926,0.038628301450184414,0.0586722157895565
0,0.038267007895878384,0.050641342997550964,0.04777787625789642
1,-0.002055476109186808,0.018461743990580242,0.038510411977767944
0,0.0961360250200544,-0.034785053559712,0.1570165939629078
0,-0.007942594587802887,-0.0015323825857856057,-0.06543341737527114
1,0.02440088614821434,-0.06518381601199508,-0.006979420781135559
0,0.01001369609282567,-0.06160084215494303,-0.011377919997487749
1,0.015590610248701913,0.03580206632614136,0.06072782807879978
0,0.014353519678115845,-0.023335039615631104,-0.016566898673772812
0,-0.029417554289102553,0.0471988707780838,0.0378516208041798
0,-0.06686623891194661,-0.07711610818902652,0.04296920895576477
0,-0.023044563152573326,0.00806688517332077,-0.04230854660272598
0,0.006670160977928726,0.008061112629042732,0.037235679371016364
1,-0.021933384239673615,0.09580356379350026,0.011577889323234558
0,-0.03377975896000862,-0.05857124200297727,0.046572352200746535
1,0.006175360896370627,-0.04634167795831507,0.05557024749842557
1,0.10958183705806732,0.06678862273693084,0.00987310233441266
1,0.04976094194820949,4.220264298575265E-4,0.043827118145094976
1,0.020611184338728588,-0.0038228631019592285,0.09233890588466938
1,-0.007248226801554362,0.04796390732129415,0.046847512324651085
1,-0.012570323422551155,-0.11046654420594375,0.00967221228139741
1,-0.05759703450732761,0.0354080167081621,-0.017328974273469713
0,0.0021505870279811675,0.05317681885900952,0.03697305658589239
0,-0.1613361860315005,0.002328601148393419,-0.0694614408744706
1,0.005575858056545258,0.003210926428437233,0.008360731601715087
0,-0.03789711594581604,-7.282465696334839E-4,-0.0237255334854126
1,0.0560282137658861,0.003914273447460598,0.06757759385638767
0,0.014273409332547869,-0.05111563205718994,-0.009028368691603342
1,-3.413446247577667E-4,-0.04787578620016575,0.042701267533832125
0,-0.033095126350720726,0.020046393076578777,-0.09538105378548305
0,-0.03154580295085907,-0.02420717477798462,-0.07969202597935994
1,0.007993232120167126,-0.027726208621805363,0.05504032396353208
0,0.007857154716144909,-0.05548507787964561,0.006980910897254944
0,-0.03803991182492329,-0.045742758764670446,-0.06206141944442477
0,-0.06455910631588527,0.012117620025362288,0.008879678116904365
0,0.011387899518013,-0.08720299122588974,-0.039692422747612
0,-0.008085855282843113,0.026141006499528885,0.0846221387386322
0,0.030673012137413025,0.07836691588163376,-0.18740347921848297
1,0.051325734704732895,0.05356471613049507,0.10505789518356323
1,-0.03715823218226433,0.04033558815717697,0.038721981644630435
1,-0.03435802459716797,0.09332417164530073,0.010287128388881683
0,-0.046629518270492554,-0.027044178201602057,-0.039747013577393124
0,0.032824933528900146,0.03572404384613037,0.16295801103115082
1,-0.07883001044392586,-0.040548300246397655,0.020493737856547036
1,0.00769918211377584,0.1268768058373378,0.01197573857811781
1,0.07828358241489955,0.043707000357764106,0.058091316904340475
1,0.04199450016021729,0.1542773187160492,0.06935879588127136
0,0.06894404121807643,0.026273972753967558,0.023559054359793663
1,0.10938979536294938,0.030499252676963805,0.04218278328577677
0,-0.04048144817352295,0.04265059530735016,2.9023204530988422E-5
0,-0.005464683286845684,-0.011975109577178955,0.054840945535235934
1,-0.030426025390625,0.11007431149482727,0.009233701229095458
1,0.03391112552748786,-0.0033874412377675376,0.04748030503590902
0,0.05911517685109919,-0.13399736989628186,-0.03443961522795937
1,0.055428290367126466,-0.0218190997838974,0.01772507754239169
1,-0.08579729683697224,0.02396102249622345,0.10736394590801662
1,0.0251237434499404,0.027074217796325684,0.07762480609946781
0,-0.06438396551779338,-0.005372394408498492,0.05569276213645935
0,-0.03665398955345154,-0.032855330407619475,-0.06821483820676803
1,0.03229268888632456,0.046843014160792035,0.0246977170308431
1,0.03056562278005812,0.1468542218208313,0.07295321334492076
1,0.03692161807647118,-0.02609412486736591,0.14843120368627402
1,0.040332116186618805,0.03129377216100693,-0.04988052509725094
0,0.00955207965203694,-0.019885697535106113,-0.01166047714650631
1,-0.06751059989134471,-0.06088333328564962,0.015723202377557755
1,0.05217302143573761,0.11101667881011963,0.13761281743645667
1,0.029275633733380924,-0.008996194059198553,0.006460704586722634
1,0.021197052164511246,0.006932811303572221,0.05076649536689123
0,-0.020048215240240096,-0.041296873986721036,0.11070747921864192
1,0.005753823689052037,0.12020742893218994,0.08728668093681335
1,-0.011962781349817911,-0.01967509090900421,0.13973959428923471
0,0.02168628360543932,0.14601339612688338,-0.025704484432935715
0,0.0013954973704106098,-0.04053634244042474,-0.01577327380839147
1,0.007057752874162462,-0.07759928579131763,0.02934703230857849
1,0.02786784280430187,0.042974285104058006,0.04500402395541851
1,0.05593407526612282,0.03495919704437256,0.040410784073174
0,0.04526189900934696,0.03693374618887901,0.15891218185424805
0,0.0169379126567107,0.0028910258641609778,-0.06066511092441423
0,-0.0024399146437644958,0.05591949224472046,0.08381771047910054
1,-0.04078899746139844,0.05180684725443522,0.02213761999326594
0,0.015347201377153397,-0.10446686204522848,0.011468979716300964
0,-0.006219927221536636,-0.10155056603252888,-0.032604871690273284
1,0.02032678872346878,0.0020860500633716585,-0.02211611717939377
0,0.0074975623024834525,-0.019379133979479473,-0.07563743107020855
0,-0.1129135712981224,-0.0808600790798664,-0.05851849168539047
1,-0.030721151935202733,0.07831721646445138,-0.0026623287371226718
1,0.03211658895015716,0.08938083052635193,0.03230185558398565
1,0.005226911769972907,-0.05069749512606197,0.04479776985115475
0,-0.002741255930491856,-0.09248775030885424,0.029270365834236145
0,-0.02496228434822776,-0.12598686462098901,-0.0233355350792408
0,-0.05200435469547907,0.017425477504730225,-0.014036301523447037
1,-0.009067928418517113,0.11369384825229645,0.004863010719418526
0,4.730671644210815E-5,-0.10155246071517468,-0.03427260182797909
1,0.05201733484864235,-0.04993692599236965,0.04425053298473358
1,0.09015654524167378,-0.07692500452200572,0.021973609924316406
0,-0.07737657194957137,-0.026361831231042743,-0.021689404034987092
0,-0.022462132573127746,-0.08855482302606106,0.01372384483164007
1,0.02664930522441864,0.006379139423370361,0.0627547912299633
0,0.025802865624427795,0.06723429475511823,-0.018245486542582512
0,-0.019781906295705726,0.001871432419176455,-0.023369066141269827
0,-0.0395661952594916,-0.01137649267911911,-0.033160730600357055
1,0.07483050227165222,-0.006495708227157592,0.07796930770079295
1,0.010404424233870073,0.06129448793151162,0.02164840969172391
1,0.025207283241408213,-0.09955367791865553,-0.07054817862808704
0,0.04500890672206879,0.09377041459083557,-0.06567130088806153
0,0.08796859284241994,0.035093583166599274,0.03304708855492728
1,0.01820661586064559,-0.012798419365516076,0.05410894751548767
1,0.04159587919712067,0.09987884908914565,0.11716336309909821
0,-0.01589286556610694,-0.109561708684151,0.01253007696225093
0,-0.04461868815124035,-0.05053057111799717,-0.02097795768217607
1,0.08932702669075557,0.06618041438715798,0.05237065255641937
0,-0.01437606910864512,-0.12688925696743858,0.032213601199063385
0,-0.08105164567629496,0.0011855791012446086,-0.05342724756337702
1,-0.008432659235867586,0.04356052116914229,0.025558072787064772
1,-0.010714937533651079,0.024680754968098233,0.02819955547650655
1,-0.06756103783845901,0.02777008091410001,0.05864397493692545
1,-0.019187167286872864,-0.023689623656017438,0.047717009271894185
1,0.08661213715871176,0.027014850080013274,0.06878628768026829
1,-0.02308571764401027,-0.039997252502611706,0.08662328975541252
0,-0.056996586647900666,0.003540251742709767,0.011919195001775568
0,0.014836182817816734,-0.13106037490069866,-0.09525806456804276
0,0.006720819017466377,0.008468279067207785,0.07467713776756735
0,-0.06374426931142807,-0.057479479246669345,-0.034365395456552504
1,0.04465267062187195,0.007327820573534284,-0.12047596701553889
0,-0.016498354866224176,-0.02584157927947886,-0.021941788102451124
1,0.06328094431332179,0.008436685694115502,0.020455246791243553
1,-1.9398828347524006E-5,0.026453317867385015,0.034189820877815545
0,0.033046776056289674,0.013030197471380234,0.040950934092203774
1,0.006555646657943726,0.042867422103881836,0.008618474006652832
0,-0.062180425971746445,0.06825720518827438,-0.06852138787508011
0,-0.07888946756720543,-0.10455368403345347,-0.08190851692448962
1,0.020456815307790584,0.011735867370258678,-0.03190975974906574
0,-0.015501059591770172,-0.0314412276659693,-0.10045437168862138
0,-0.028758033138254414,-7.98357569653055E-4,-0.09522834092378617
1,0.03360612690448761,0.08117354603914115,-0.009973651170730591
1,0.0209007461865743,-0.03420973444978396,0.05912189321084456
1,0.026546433568000793,-0.002058904618024826,-0.011755473911762238
0,-0.11958170885389502,-0.09525729885155504,-0.03112806723668025
1,0.005694835136334102,-0.03501417736212412,0.0392871569428179
1,3.4636572787636206E-4,-0.046458757629520016,0.031045639443965184
1,0.005976080894470215,0.07315756678581238,0.03544803602354867
0,-0.03259566757414076,0.0023764471213022866,0.034999663179570976
0,0.0797000452876091,-0.07316615805029869,-0.011830314993858337
0,-0.05884084965174015,0.02849183862025921,-0.005366384983062744
0,0.06316749616102739,-0.09818802841685036,0.05557071417570114
0,0.13682931661605835,0.15734323859214783,0.14904210964838663
0,0.04109186204996976,-0.0014889890497381036,-0.07274546416906211
0,-0.07606163527816534,0.005339352414011955,-0.09029235504567623
1,-0.03841626378042357,0.07958761602640152,0.011870700865983963
1,-0.04998089946233309,0.023647558230620164,0.007369399070739746
0,-0.15354708156415395,0.03948342374392918,-0.09390780329704285
1,-0.057292507588863374,0.025249692797660827,-0.02495974979617379
0,0.013345886766910554,-0.017615708708763122,-0.07448218452433746
1,0.1369707336028417,0.06483027835687001,0.03194945678114891
0,-0.020459621213376522,-0.04418081417679787,-0.04481340418843662
0,-0.0041990820318460464,-0.09008386824280024,-0.03129202210240894
1,-0.06980211287736893,-0.12084721028804779,0.04059894382953644
0,0.01805439049547369,-0.002473262223330411,-0.020958118818022987
0,0.02687342252050127,-0.03426606740270342,0.06657603941857815
0,-0.08344012498855591,-0.12197807878255844,0.06921564936637878
1,-0.001019492745399475,-5.812247594197592E-4,0.04271474480628967
0,0.04268176853656769,0.025248564247574126,0.01502288319170475
0,-0.07459214702248573,0.025911808013916016,-0.029596000909805298
0,0.03422236868313381,-0.024144129561526433,-0.104946757433936
1,-0.0014632076025009155,-0.055686929076910016,0.03637399863113056
1,0.03244660049676895,0.05234749019145966,0.0775997747074474
0,-0.031128383495590904,-0.013779969377951189,-0.001978546380996704
1,0.024271152913570404,0.05100042248765627,-0.01473693283540862
1,-6.03465735912323E-4,0.028421905636787415,0.09093144237995147
0,-0.03925396203994751,0.026497413218021394,-0.10244936185578506
0,0.11249480247497559,0.07988395094871521,0.06027129888534546
1,0.013795999544007438,0.0643158672111375,0.035609978650297434
1,-0.027823470532894135,0.018676217645406723,0.048027969896793365
1,-0.07052607248936381,-0.004171426807131086,0.03660849907568523
1,-0.03469277861026617,0.06668345286295964,0.034378984570503236
0,-0.03396795690059662,-0.010443903505802155,0.07352710018555324
1,-0.010491602695905246,0.024124404558768638,0.00564510722955068
1,-0.11716854261855285,0.027985879530509312,-0.02551168776475466
1,7.299736142158508E-4,5.3291916847229E-4,0.04654611945152283
0,0.022092374839953015,-0.0866404537643705,0.05744791676600774
1,-0.015693097478813596,-0.05210980296962791,0.047724658995866774
1,-0.011447289027273655,0.03486918285489082,0.14271729191144308
0,-0.03748077579907009,0.05309640083994184,0.041799090802669525
1,0.059647947549819946,-0.011920819679896036,0.08404812961816788
0,-0.04289358747856958,-0.10435352368014199,-0.023727887443133762
0,0.047026527424653373,0.04363140629397498,-0.0413427896797657
1,0.006723558902740479,0.03679342865943909,-0.023630128375121524
1,-0.07370616814919881,0.03434803230421884,0.023545536611761366
0,-0.07447437196969986,-1.4184042811393738E-5,0.02421671710908413
1,-0.0475578997284174,0.09247435629367828,0.01713155210018158
0,-0.07564471811056137,0.018643441796302795,-0.19022954095687186
1,-0.06705400076779452,0.005583868785337968,-0.050399179642017074
0,0.047927286475896835,-0.01207072101533413,-0.017624475061893463
1,0.00645105242729187,-0.06756678372621536,0.057527706027030945
0,-0.15883361299832663,5.67317008972168E-4,0.06182358860969543
0,0.012618329375982285,-0.07229523631659421,0.026407230358857375
0,-0.006948068737983704,-0.05526520098958697,-0.06917919032275677
0,0.0024397462606430055,-0.005630530416965485,0.038237799924832803
0,0.025499382615089418,-0.09477987810969353,-0.03630993111679951
1,0.03625713586807251,5.418300628662109E-4,-0.028156683526255867
0,-0.057771358639001846,-0.02426072210073471,-0.004549846053123474
0,0.05698672749779441,0.02377658811482516,-0.03661187566243685
1,-0.022774773836135864,0.09177667200565338,0.004590970277786255
0,0.07266657799482346,0.020613819360733032,-0.020263963275485568
1,-0.022325494459697177,-0.11064171365329198,0.03574047237634659
0,0.08000140885512035,-0.18227087892591953,-0.07525983266532421
0,-0.16082024481147528,0.08344302326440811,-0.06895117089152336
0,-0.047245877981185916,-0.00666053295135498,0.15586403012275696
0,-0.076109129935503,-0.04802160430699587,0.020647575457890827
0,0.0010610967874526978,0.014471419155597687,-0.08896267227828503
0,-0.01842217892408371,-0.13143692476054034,0.11822625994682312
0,-0.03552155941724777,0.0025179002966199604,-0.006603446106115977
0,0.08847216268380483,-0.0860357644657294,0.0471901074051857
0,0.05732491984963417,-0.054027449960509934,0.07025285638295688
0,0.017045984665552776,-0.019810017943382264,0.010660352075801176
1,-0.04921155273914337,-0.0924899697303772,-0.08644869923591614
1,0.11022571474313736,0.06925693899393082,0.12880967259407045
1,-0.07934919052890368,-0.03240552517984595,0.09565799310803413
1,0.0193261057138443,-0.04799783500758084,0.027241170406341553
1,0.010191161930561066,-0.01484585776925087,0.015112285812695822
1,-0.029199103203912575,-0.01910685996214549,-0.057979266558374674
1,-0.006892929474512736,0.05955846110979716,-0.002073509825600518
1,0.09687893731253487,-0.027351755116667067,0.051993631654315524
0,0.1320960819721222,0.02546783536672592,0.030515114466349285
1,0.045094215869903566,-0.022287158668041228,0.04445387174685796
0,0.05137880974345737,-0.04015223847495185,0.005868786945939064
1,-0.017679931388960943,0.06702736351225111,0.024138856265279982
1,-0.04009928038487068,0.02773012679356795,-0.027653643718132608
1,0.03062507280936608,0.08719198291118328,0.029658658163888112
1,-0.027874767780303955,-0.17124306286374727,0.09980980555216472
1,-0.023393481969833374,-0.02827543392777443,0.052057959139347076
1,-0.021711804966131846,-0.011374894777933757,-0.03389574280556511
1,-0.021569713950157166,-0.02602506677309672,0.10094145933787028
1,0.05219292214938572,0.03473407455853054,0.05592110421922472
0,0.05722028265396754,0.07382689416408539,-0.013090115040540695
0,0.10865307599306107,-0.08950438164174557,-0.005101258556048076
1,0.13954360286394754,0.21396304170290628,0.07132748017708461
0,-0.07008456438779831,-0.09748597163707018,-0.07617858052253723
0,-0.02837497368454933,-0.0695500373840332,-0.04307119362056255
1,0.006484657526016235,-0.01951223115126292,-0.09493151041013854
0,-0.016571156003258446,-0.10882635143670169,0.008009709417819977
1,0.012282355265183882,0.07612743736668066,0.05856143615462563
1,0.012748282064091076,0.04506849565289237,0.004681510229905446
1,0.005999153852462769,0.0161483367284139,-4.3915808200836184E-4
1,-0.02228670981195238,0.04821373522281647,-0.05130686685442924
0,-0.003190120061238607,-0.06773186888959673,0.07690039442645179
0,-0.022867985897594027,-0.025126445003681712,0.011357390880584716
1,0.006465021520853043,0.007363509872685308,-0.002222451070944468
0,-0.012248396873474121,0.011128650771247016,-0.10882724324862163
1,0.043007269501686096,0.035853823026021324,0.082804669936498
0,-0.04387148221333822,-0.01943885286649068,-0.04972913861274719
0,-0.066928930580616,-0.01995864510536194,0.046592187881469724
1,0.007480896571103264,0.034918551497599655,0.14137903206488667
1,0.13331209421157836,0.09539462327957153,0.06777677365711757
1,0.02314492662747701,-0.049546045064926145,0.0086627253331244
1,-0.05971066802740097,-0.0463653452694416,-0.014766796678304672
0,0.06750744581222534,-0.003737807273864746,7.626935839653015E-4
1,-0.004335394927433559,0.04476570657321385,0.11888528721673149
0,0.11925240357716878,-0.23384186625480652,0.0928383708000183
1,0.015848395725091297,0.004199465115865071,0.10297563213568467
1,0.033350148371287754,0.07451617291995458,-0.007139478410993304
1,-0.038322111734977134,0.03546302135174091,-0.018043712354623355
0,-0.025383482376734417,-0.011532872915267944,-0.00361640565097332
0,-0.06272367523475127,-0.040090771222656425,-0.04633208306936117
1,-0.021242062960352217,0.0651627140385764,-0.121811518445611
0,0.005556967109441757,-0.04976944128672282,-0.04389183249856744
1,0.028152027726173402,0.07942724823951722,0.009704399853944778
1,0.05332522771575234,-0.02039879018610174,0.06185067674288383
1,3.968881709235055E-4,-0.08263053904686656,-0.06184347293206623
0,0.06199868395924568,0.03238772973418236,-0.09933352346221606
0,0.06839572886625926,0.01230387141307195,-0.03377255265201841
0,0.07659534944428338,-0.027095406419701047,-0.03208793782525592
0,-0.02741395149912153,-0.04102308728865215,-0.07743923697206709
1,-0.0019265200410570418,-0.02218059343951089,-0.018307147547602654
1,0.008410671582588783,0.057178374666434065,0.004995186414037432
1,0.05019039234944752,-0.01280998784516539,0.04289313207070033
0,-0.0114612416787581,-0.14674117280678314,-0.06825369969010353
1,-0.008837461471557617,0.08674751222133636,-0.09052621253899165
0,-0.023733846843242645,-0.021392822265625,0.05133571533056406
1,-0.07804523594677448,-0.022059626877307892,0.11060360074043274
1,0.023448539276917774,0.10472660760084788,0.008361384272575378
0,0.09591530902045113,0.17805071387972152,-0.030850740149617195
0,-0.09527020688567843,-0.06364506110548973,0.014441855748494466
1,0.030056469715558566,0.05075034269919762,0.01141708860030541
0,-0.023334752768278122,-0.023246396332979202,0.0825171560049057
1,0.005219630504909314,0.1049109399318695,0.07709987532524835
0,-0.019061940637501804,-0.011937286366115917,-0.02612312825826498
1,-0.01725158343712489,-0.011136854688326517,0.09722833832105
1,0.020293186817850386,-0.017486040081296648,0.013762277364730836
0,-0.09308340400457382,-0.08585681021213531,-0.01074877381324768
0,0.09184352376244286,-0.04484602910551158,-0.06251523305069316
1,0.05162964388728142,-0.021073566749691963,0.02266664430499077
0,0.058317982488208346,0.01847016480233934,-0.04975365251302719
0,-0.025416780044050777,-0.040483996710356546,-0.009613926796352161
0,-0.06966774240136146,0.004227197170257569,-0.11785037138245323
0,6.662628480366298E-4,-0.03779684113604682,-0.05694006532430649
0,-0.060021836310625076,-0.11245698109269142,-0.12084591057565477
0,-0.033274454375108085,-0.03044446888897154,-0.07421451197429137
1,-0.02000204154423305,-0.005510968821389335,-0.010769233107566833
0,-0.022764131426811218,-0.07011555321514606,-0.030517445877194405
0,-0.061350523070855575,-0.08287435092709282,-0.013319045305252075
1,-0.01241769144932429,0.04591526587804159,-0.007375779872139295
1,-0.03841106096903483,-0.04507329066594442,0.13900375366210938
1,0.027415881554285686,0.048999211854404874,0.014328383737140231
0,-0.06912720054388047,0.006702545285224915,0.04742171005769209
0,0.010265153646469117,0.003291451930999756,0.0023923913637797036
1,-0.05267472957309924,-0.056252180353591315,0.06458361233983721
1,-0.07398865558207035,-0.038435183465480804,-0.010501500219106674
1,0.003161547865186419,-0.012615516356059482,-0.0454471617937088
0,0.030683280527591707,-0.014269978739321232,0.04146455299286615
0,-0.08328521251678467,0.05742046236991882,0.04925965517759323
1,-0.0444886788725853,-0.04493745267391205,0.004921236634254455
1,-0.012563588178676107,0.03750989748084027,0.03614854197139326
0,0.00951734185218811,-0.09872149427731831,-0.09846330540520805
1,-0.0112749007013109,-0.011704848872290717,-0.020332774519920348
1,-0.004338772036135197,0.0066086165606975555,0.10869624879625109
1,-0.012313536368310452,-0.014345882770915827,0.00996073925246795
1,0.12069348494211833,0.12756313880284628,0.11773038655519485
1,-0.049342176152600184,-0.08321760760413276,-0.0026282310485839845
0,-0.09165719449520111,-0.051090683043003085,-0.08416224345564842
0,0.08181058863798778,0.07997861256202062,0.06860317076955523
1,-0.014878171185652414,-0.020793889462947846,-0.008329799070077784
0,-0.012899614870548248,0.02134987711906433,0.061009150743484494
0,-0.07309989538043737,-0.019695183262228966,0.11944536864757538
1,-0.029050054875287144,0.0433282581242648,-0.14961314472285184
0,0.04487753286957741,-0.12126949243247509,-0.1154955882165167
0,-0.058965238432089485,-0.1181764118373394,-0.07893797134359677
1,-0.017956198503573734,0.03375789771477381,-0.0130838081240654
1,-0.045121060891283885,0.02221599304013782,0.04017999226396734
1,0.11901559432347615,0.006733013937870662,-0.04764713134084429
0,0.04766842084271567,-0.03479682547705514,-0.03748184740543366
1,0.02413467566172282,-0.04021515448888143,0.18095123022794724
1,0.05465082724889119,-0.029463958243529,0.08309394915898641
1,0.0459136598640018,0.02443430821100871,-0.009684381837194616
0,-0.02284130619631873,-0.031778989566697016,0.03247020310825772
0,-0.07379186366285596,0.03596139486346926,-0.014617147545019785
1,-0.0031156381592154503,0.014368565753102303,0.028919111005961895
0,-0.10310213019450505,0.03874862194061279,-0.015788561105728148
0,-0.006612089063440051,-0.05999789120895522,0.008184601153646196
0,-0.0151495561003685,-0.01789712905883789,-0.005634135566651821
1,-0.009621890385945638,-0.011303361256917317,-0.033982619643211365
1,-0.07159064039587974,0.0554646760225296,0.06538222233454387
1,-0.14881294303470188,-0.04010818567540911,-0.057818871736526486
0,-0.06701691117551592,-0.03303684542576472,-0.005134083054683826
0,-0.02136919740587473,-0.09280677372589707,0.010304818395525217
0,0.013948487916163035,0.053662395903042386,0.012892724946141243
0,0.0075219422578811646,-0.01074894331395626,0.027393241013799394
1,-0.10558640783031782,-0.05115707963705063,0.009742109974225362
0,0.0036337468773126602,-0.013177605345845222,-0.07711702585220337
0,0.004344716668128967,0.029116797853599895,-0.02218859518567721
1,-0.05494600832462311,0.03608209490776062,0.042353043502027336
1,0.11469766795635224,-0.054702483117580414,0.10439026057720184
0,0.015522838703223638,0.031598583928176334,-0.07636444589921407
1,-0.04706034157425165,-0.02597254328429699,-0.021913550794124603
0,0.02920301556587219,-0.0330406924088796,0.017354526063975168
1,0.10461312532424927,0.04434513052304586,0.0189785398542881
1,-0.032250081913338766,-0.06762945652008057,0.03281506564882067
0,-0.10722603648900986,-0.0022044535726308823,0.050031404942274094
1,-0.014207355678081512,-0.2288246569223702,-0.07688391394913197
1,-0.030631425705823032,-0.05050006915222515,0.015400482652088007
1,-0.057254116237163546,-0.0027813658118247984,-0.029501646757125854
0,-0.0013007024923960369,0.005933006604512532,-0.05998379737138748
1,0.03920486196875572,-0.010521252046931873,0.03624308481812477
0,-0.002041403204202652,0.024389177560806274,-0.07146674974097146
0,0.03814849028220543,-0.08821412003957309,-0.0029055380395480563
0,0.0771324411034584,-0.021376900374889374,0.030332252383232117
0,0.0036549046635627747,-0.04873845395114687,-0.05363214462995529
0,-0.04254577085375786,-0.004562154412269592,0.002474823594093323
1,0.1520102173089981,-0.06589819428821404,0.06017698595921198
1,0.08291096011033425,0.028004004405095026,0.026437813845964577
1,0.026984623736805387,0.07678815846641858,0.039932773301475925
0,0.020285858048333064,-0.03110981484254201,0.03040570562536066
1,0.004082520802815755,-0.053122242291768394,0.09773092269897461
0,-0.11533329387505849,-0.05436722934246063,-0.16522437520325184
0,0.021709179505705833,-0.055643501381079354,-0.017903355260690052
1,-0.07414221111685038,0.13485342264175415,0.013520621591144137
0,-0.026491359621286393,0.02898354157805443,0.021602952480316163
1,0.06542344205081463,0.04027733765542507,-0.06972306552860472
1,-0.020554508082568645,0.004127468913793564,0.05963412258360121
1,0.03605732321739197,0.0694939201431615,0.015783488750457764
1,8.828689654668173E-4,0.017741526166598003,0.08331719957865201
1,-0.024402569119746868,0.04170261208827679,-0.013681868357317788
1,0.017703846096992493,-0.029576766304671764,0.0016751703288820055
0,0.0042949385113186305,0.020321713553534612,-0.021912985726406698
1,0.003453850746154785,-0.029661133885383606,0.047792667895555495
1,0.07852784544229507,-0.02814263105392456,-0.002083843946456909
1,0.051211774349212646,-0.030316568911075592,0.08164643943309784
0,-0.007236728849618331,-0.03581363464827123,-0.008844915001342693
1,-0.01087642632997953,-0.07470439317134711,-0.048661225117169894
0,0.02487250417470932,-0.1581619530916214,-0.00978722795844078
1,0.0017998050898313522,0.05960105708800256,0.01403096318244934
0,-0.21285163052380085,-0.02694842964410782,-0.005628466606140137
1,0.09742299053404066,-0.01794224977493286,0.001432492583990097
1,-0.05508054047822952,-0.005506433546543121,0.06127830035984516
0,0.05081755667924881,-0.08055999875068665,-0.050462692975997925
1,-0.13561840781143733,-0.15385546215942927,0.04364067647192213
1,0.0871829887231191,0.06387135883172353,0.019720960408449173
0,0.09327672015536916,-0.005660382184115323,1.642846248366616E-4
0,-0.08816081782182057,-0.0019346177577972412,0.06860094666481018
1,-0.03986382236083349,0.09767175217469533,0.06104070320725441
0,0.043201168378194175,0.008463223775227865,-0.10687339926759402
1,0.037312070528666176,-0.0314920162782073,0.037988204043358564
0,0.016235907872517902,0.021110135316848754,0.04843318199410158
0,-0.03042572330344807,-0.038092499429529365,-0.06921277127482674
0,-0.051438270757595696,-0.16797366241614023,-0.012199413031339645
1,-0.08140622451901436,-0.12688801903277636,-0.04190422687679529
0,-0.01742609217762947,0.020056634520490963,-0.02828160157570472
0,0.018244969844818115,0.023308271169662477,-0.0909226417541504
0,0.04604531912242665,-0.03154650330543518,-0.014599260161904729
1,0.05888858437538147,-0.05106907586256663,-0.05638943985104561
0,0.06559876600901286,0.08107420305411021,-0.051226092072633594
0,-0.021740615367889404,0.0905352873461587,0.018384456634521484
1,-0.09683093109301158,-0.06545112814222064,0.0396878682076931
1,-0.018910832703113556,0.04506904259324074,-0.02679918623632855
1,0.09013811647891998,0.003563913702964783,0.03232952139594338
0,-0.10472116218163417,0.013686025658479104,-0.030041366815567017
0,-0.061477601528167725,0.018105849623680115,0.03973308205604553
1,-0.018148780745618483,-0.002984500106643228,-0.00294369415325277
1,-0.03616585582494736,-0.015066631138324738,0.099520742893219
1,0.10813916847109795,-0.10620152531191707,0.05730065330862999
0,0.04483091560277072,0.035935338247906075,0.024079573651154835
1,-0.1264440073735184,0.0346682435936398,0.034453276130888194
1,0.09299020875583995,0.06999332796443593,-0.03991051935232603
0,-0.026002651878765652,-0.024534291454723904,-0.09248384973034263
0,-0.03494839583124433,-0.0161254278251103,-0.0640539862215519
0,-0.1510632261633873,-0.11150288581848145,-0.026859836144880814
1,0.015444394201040268,-0.01372537761926651,-0.022619570295015972
1,-0.060898276045918465,-0.022282514721155167,0.05954383313655853
0,0.022863816331934045,-0.011566815552888092,-0.032883531517452665
1,0.013166091271809168,-0.0021932635988507953,0.0074815042316913605
0,-0.028277405434184603,-0.044248420331213206,-0.05585547329650985
0,-0.04047295699516932,-0.10112015654643376,0.013357916474342346
0,-0.036982498624745536,0.02881040730897118,0.037793261163374954
0,-0.057307854294776917,0.03972208499908447,-0.029167447771344866
0,0.03313047024938795,-0.01893558560146226,0.0119916670024395
1,-0.04404817447066307,-0.015276601910591126,0.06546112149953842
1,-0.014332489110529423,0.015892690668503445,0.040377651453018186
0,-0.013293425951685225,-0.001579227192061288,0.030710760752360025
0,0.05468923311967116,-0.016008729544969704,-0.008811744728258677
0,0.020576985818999156,0.0457762075322015,0.029028316028416157
0,-0.05851853745324271,-0.04435994156769344,0.004005846700498036
1,-0.011290355119854212,-0.0029034605249762535,-0.014618584119221744
1,-0.031814396381378174,-0.12012771144509315,0.0599778950214386
0,-0.021102760519300188,-0.044837666409356255,-0.014182630512449477
0,0.1288075496753057,0.04088355600833893,-0.016868193944295246
0,0.0026029710258756366,-0.08480003050395421,-0.14878700207918882
1,-0.018425645099745855,0.10023156470722622,0.0344100296497345
0,-0.11957621350884437,0.012650910019874572,-0.0027012452483177185
0,0.062047096399160534,-0.02454629884316371,-0.10661903023719788
1,0.07084651589393616,0.01353079080581665,0.11374228341238839
1,-0.040917133912444115,-0.03273821226321161,0.09756065992748036
0,-0.0201584380120039,-8.183056488633156E-4,0.07064886018633842
0,-0.12317886669188738,0.028485968708992004,-0.08396591432392597
1,-0.058042848110198976,-0.10662555247545243,-0.012006765604019165
0,0.08560035957230462,0.030751691924201116,0.03640792667865753
0,0.006457467873891194,0.10145361224810283,0.034227354824543
1,0.06740045547485352,-0.029923809426171438,-0.0021569795078701442
1,0.008113258414798312,-0.062045344048076205,-0.04905072185728285
0,-0.015828475694764744,-0.14652619036761197,-0.026793941531492317
1,-0.071888767182827,-0.029158721367518108,0.08614551524321239
0,-0.03229226619005203,-0.035489946603775024,-0.04071711617357591
0,0.0497593879699707,-0.08692354261875153,-0.03665751005922045
0,-0.07334139477461576,-0.029839396476745605,-0.011039102822542191
1,0.013039780656496684,0.00617866317431132,0.057356417179107666
0,-0.08688578043471683,-0.05434607138687914,0.007967575029893354
1,-0.08545958294587977,-0.15042529123670914,-0.0846930742263794
0,-0.12400075154645103,0.05006057449749538,-0.06654448558886845
1,-0.04040856659412384,0.05143415555357933,0.0497928224503994
0,-0.046854408700828964,-0.021421361228694088,-0.0597155622166136
1,0.09983252154456244,0.057960437403784856,0.08783779872788323
0,-0.0014622365606242213,-0.0581313178970896,-0.02750741293032964
1,-0.041755957528948784,0.029995812103152275,0.025335112915319556
1,0.06967072586218516,-0.08880639423926671,-0.0417975385983785
1,0.011681536212563515,0.05882398225367069,0.005951416989167531
0,0.02805468440055847,0.009457707405090332,0.007938840559550695
1,-0.02866534037249429,0.016952684947422574,-0.10495005548000336
1,0.049836559729142624,-0.06687045774676582,0.016449776167670887
1,-0.047932200961642794,-0.034083396196365356,-0.013933509588241577
1,0.046036017792565484,0.05581524968147278,0.0690521193402154
0,-0.009345263242721558,-0.10521490126848221,-0.048138116796811424
1,0.006652673085530599,0.06849532723426818,0.018654895179411945
1,0.0033427634659935444,0.07072559349677142,0.025701249639193218
1,0.026876800335370578,0.07525035968193641,0.09071935287543706
1,0.02059537172317505,-0.02064128816127777,0.05414701727303592
1,0.02632215890017423,0.02565737475048412,0.05927598476409912
1,-0.036952049972919315,-0.03835703432559967,0.03361854874170744
0,0.01926047248499734,0.11149445388998304,-0.005122978240251541
0,-0.007505889236927033,-0.025507086515426637,-0.005717878540356954
0,-0.012319104745984077,0.04985556068519751,-0.054009227348225455
0,-0.03439067091260638,0.007373197802475521,0.03181287248929342
0,-0.0637494411606055,-0.04376453963609842,0.03225927742627951
1,0.055125243961811066,-0.03572630137205124,0.10426067188382149
0,0.01047872006893158,0.04517374531580852,0.03672905904906137
1,-0.012483973056077957,0.09647998639515468,-0.011383774876594543
1,0.04284602971304031,-0.059637343954472316,0.009902096397819974
0,0.02285972521418617,-0.027396823856092635,6.948845541995505E-4
1,0.052917979657649994,0.046044301241636276,0.008607076480984688
0,-0.016250431537628174,-0.17514070055701517,-0.046871413405124955
0,0.013785843338285173,0.038996487855911255,0.03670631721615791
1,-0.05607744678854942,0.016072262078523636,0.03492688238620758
0,-0.0013118187586466472,-0.015622893969217936,-0.06835005184014638
0,-0.056377447077206204,-0.14717628487518855,0.01906855238808526
0,0.04807368086444007,0.02653852767414517,-0.07610037922859192
0,-0.013974973186850547,0.029690975695848464,0.040824733674526215
0,-0.011493271326317507,0.0044050313094083,0.033748243984423186
1,-0.07365549777944883,-0.057682053496440254,0.005749346688389778
1,0.10313338355014198,0.057537497658478584,0.020560259097500852
0,0.019009951502084732,-0.020396905951201916,0.050071023404598236
0,-0.004469329197155802,-0.010323782500467803,0.023663143813610076
1,0.02953683232006274,0.05636081883781835,0.06658635111082167
1,-0.03267855644226074,-0.059802621603012085,-0.012016528844833374
1,-0.022842104236284893,0.018368070324261982,0.04825160279870033
1,-0.050412205358346306,-0.0491788387298584,0.1693190634250641
0,-0.0937193123889821,0.06871694539274488,-0.08281447039917111
1,-0.004631007259542292,0.07333305749026212,-0.006108629588897412
0,-0.07226842482175146,-0.07162841223180294,0.0305925440043211
1,0.006609096916185485,0.013225325693686804,-0.01970723383128643
1,-0.044793451470988135,-0.0074728674122265405,-0.022322728236516317
0,0.042719622453053795,-0.07550499836603801,0.0762593388557434
1,-0.0023597010544368197,-0.0947529524564743,-0.014442512765526772
0,-0.03764020800590515,-0.0964016243815422,0.06714411576588948
0,0.018728095665574075,0.01705119535326958,-0.032608995027840135
0,0.030014102657636006,-0.036510939399401345,0.019362550228834152
0,0.029440830151240032,-0.08303359926988681,0.032126589463307306
0,0.017611316508717008,0.021110566953818004,0.017811721092776248
0,0.007774260640144348,-0.022817125916481017,-0.013549482822418213
1,0.09908369871286246,0.05379637388082651,0.10265917273668143
1,-0.19251441955566406,-0.04360494017601013,0.22736817598342896
1,0.03882503882050514,-0.005088372156023979,0.09525833760990816
0,-0.041397651488130745,-0.00355363975871693,-0.046640703884454876
0,-0.031422221660614015,0.018599045276641846,-0.03133195638656616
0,-0.05850028762450585,-0.044788384093688086,0.12822095624038152
1,0.010166056454181671,-0.03900923579931259,-0.07710085809230804
0,-0.1917970577875773,0.021440391739209492,-0.06787645071744919
0,-0.003894699530469047,0.05109213375382953,-0.008667225432064798
1,-0.018952541053295135,0.02673836946487427,-0.003632153073946635
0,0.0016554661772467873,-0.09368615021759813,-0.032107386738061905
1,-0.011841631361416407,0.022374766213553294,0.09622924774885178
0,6.990703669461337E-4,0.038393226536837494,-0.08819733777393897
0,-0.033489421010017395,-0.0021644893445466693,-0.03048299252986908
0,-0.02296900110585349,0.035763374396732876,-0.03666893641153971
1,-0.06143335998058319,0.04051193222403526,0.04461229178640577
1,-0.01842210728388566,0.03960077120707585,0.05819621043545859
1,-0.005532657106717427,-0.10501230259736379,0.042957802613576256
1,-0.051057976885483816,-0.010965312902743999,0.055626935683763944
0,0.03287757188081741,0.04160000756382942,0.01691709293259515
0,-0.031667413810888924,-0.016143665959437687,-0.01713012158870697
1,-0.010852714627981186,0.12718599736690522,-0.008430060744285584
1,0.005501988861295912,-0.007960998349719577,0.01987053155899048
0,0.009686226397752762,0.06089247465133667,-0.04978120078643163
0,-0.017796600858370464,0.05997881790002187,0.06717438357216972
0,-0.0234241746366024,-0.01379978284239769,0.09089643955230713
1,0.02190043528874715,-0.04040615757306417,0.07676440051623754
1,-0.05844219463566939,0.014750760048627853,0.12609249992030008
0,0.04493336379528046,0.009885209302107493,0.02256689327103751
1,-0.009702876210212708,-0.07579579297453165,0.04094210863113403
1,0.1301988320691245,-0.05232761720461505,0.01534724561497569
1,-0.006254947998306968,-2.9189749197526413E-4,0.030606931696335476
0,0.015986144542694092,0.006967829430804533,0.039079191053614896
1,0.06389172813471626,-0.006536388221909018,0.023544499102760765
1,0.0033188448710875077,0.12286313284527171,0.0033852973332007727
1,0.048402972519397736,-0.006300937384366989,0.07152553275227547
1,0.016055259853601456,-0.04776480421423912,0.012670551240444184
0,0.050944299437105656,0.010404684580862522,-0.04062483226880431
1,0.07424615110669817,0.005771155868257795,0.09748510271310806
0,0.004928237944841385,-0.045054253190755844,0.0023466808100541434
1,0.013507618010044098,-0.001803576946258545,0.06396016677220663
1,-0.023007157444953918,-0.02382587641477585,0.018601417541503906
1,0.001247349110516635,-0.018373009833422573,0.050849099050868644
0,0.01961363231142362,-0.007212708393732707,0.07503283502800125
0,0.003270513564348221,0.046513324975967406,0.10755709897388112
1,0.009518255790074667,0.03793175352944268,-0.0541239164092324
0,-0.018689775123045996,-0.02419936886200538,-0.0013036238295691355
0,-0.11340874284505845,-0.026411998271942138,0.033619804815812546
0,0.08997037013371785,-0.15359109308984545,-0.004263705677456326
1,0.036139124631881715,0.01187131106853485,-0.04705379903316498
1,0.05179415345191955,-0.031625330448150635,-1.5743871529897053E-4
1,-0.019263385371728378,-0.04239401001144539,-0.00427001699184378
0,0.01454727617757661,-0.030850937323910848,-0.0190001018345356
1,0.0688259353240331,0.13552003105481467,0.08392667174339294
0,0.010086572170257569,-0.06512446478009223,-0.0015770941972732544
0,-0.008074436088403065,-0.032570453733205794,0.030251804987589517
1,0.08753258260813626,0.11377224055203525,0.06454160064458847
1,0.05137518048286438,0.040905968844890596,0.020341333746910096
1,-0.011475713178515434,-0.06863394156098365,0.020852348208427428
0,-0.04351446529229482,-0.06263188769419988,0.012427019221442086
1,0.10099877582656012,0.00921581851111518,-0.06943167542869394
1,0.02856780767440796,0.00346830278635025,0.023958217214654992
1,-0.07540422881191428,-0.0044107775796543465,0.006244370205835862
0,-0.013878133680139269,0.04510246536561421,0.011458453323159899
0,0.01139569448100196,-0.024031302995151944,0.03907231489817301
1,-0.05419350628341947,-0.031271527122173993,0.022296020885308583
0,-0.02690281305048201,-0.06164427432749006,-0.03407214311036197
0,-0.028659168630838394,-0.03790781037373976,0.03626830198548057
0,-0.07796335746260251,-0.041907445472829485,0.11170138170321782
1,0.09808494067854351,0.10343863235579596,0.033727900683879854
0,0.0055114984512329105,-0.04371826574206352,0.0786349594593048
0,0.07766844603148373,-0.07670755007050255,-0.09093512188304555
1,0.06958191990852355,-0.013923749327659607,0.06666781306266785
0,-0.013116406069861518,-0.052677912844551936,-0.013361329382116144
1,0.05501413345336914,0.06517543336924385,0.024852004730039172
0,-0.004943443462252617,0.013811904191970825,-0.10120879539421626
0,-0.08822048176079988,-0.026958176866173744,-0.04209710199099321
1,-0.056007338563601176,-0.024840315183003742,0.040232963421765494
0,-0.024912938475608826,-0.042566698458459645,-0.06274961349036959
1,0.13412601839412341,-0.02296100827780637,-0.02509147741577842
0,-0.054795184960732095,0.1066677593267881,-0.010377456744511923
1,0.0554141723795941,0.03596961811969155,0.02603114082625038
1,-0.05175628430313534,0.06262481874889797,0.030035646425353155
1,-0.07149873077869415,0.013835102319717407,0.056427007913589476
1,0.013126892844835918,-0.008741497496763865,-0.010281079832245322
0,-0.2113369752963384,-0.014979456861813864,-0.023826897144317627
0,0.03777192367447747,-0.05080086655086941,-0.03398194909095764
0,-0.006312310695648193,-0.007574740797281265,-0.05608389712870121
0,0.03272966750793987,-0.09038424243529637,-0.018634139249722164
1,0.03282218745776585,-0.08607980396066393,0.0076444872788020545
0,-0.09685145484076606,0.0061812930636935765,-0.07347808927297592
1,-0.02483627696832021,0.04884010056654612,-0.03452570550143719
1,-0.04503104700283571,0.03711772777817466,0.029164456404172458
1,-0.00869558178461515,0.04351578194361467,0.026687236236674444
1,0.04263608157634735,0.13915035128593445,0.07862130552530289
1,0.12155544261137645,0.09314911564191182,0.032995136720793586
0,-0.06509250029921532,-0.04680795305305057,0.009497837887869941
1,0.028483260422945023,1.5071779489517212E-4,-0.010538689047098159
1,-0.042962223291397095,0.032850272953510284,8.997519810994467E-4
0,0.011650233964125315,0.009609458843866985,0.011632934212684631
1,-0.012233525514602661,0.0654289722442627,-0.0063807666301727295
0,-0.05594015637269387,0.0010557610255021316,0.01706573137870202
1,-0.011175878345966339,0.0398589164018631,-0.01923825889825821
1,0.006918464104334513,0.09569509029388427,-0.04080773451749016
0,-0.27807481586933136,-0.05572277866303921,-0.09372484932343166
0,-0.015592866473727755,0.03773982491758135,-0.02361325588491228
0,-0.009441552417618888,-0.010278290403740746,0.0010821920420442308
1,-0.008166864514350891,0.01820589353640874,0.05437186029222277
1,0.01856577843427658,0.024204256385564803,-0.0343797717243433
0,0.04010264575481415,0.020348420739173888,-0.03703688979148865
1,-0.05698893070220947,-0.00803881287574768,0.058530169725418094
0,-0.04401151463389397,-0.028467120975255965,-0.028538817167282106
0,-0.05144598335027695,0.04559329152107239,0.0628941535949707
1,-0.034861751292881216,-0.044100291438792884,4.128944128751755E-4
0,-0.10281601016010557,0.03446732248578753,-0.08583509496280126
0,-0.020939418011241488,-0.08186914689011043,-0.06801649183034897
1,-0.005240586586296558,-0.020986933261156082,-0.07101291128330761
0,0.013630901547995481,0.018314881758256393,-0.04053657788496751
0,-0.007714630892643562,-0.08241129723879007,-0.1113702223769256
0,0.023068547248840332,-0.12632761150598526,-0.10547052696347237
1,1.4654440539223806E-4,-0.08592773175665311,-0.03517093230038881
1,0.01031826933224996,0.12537672453456455,0.062162503600120544
0,-0.029809304646083286,0.06521296075412206,0.11635993208203997
0,-0.007491499185562134,0.02076567844911055,-0.01793095740404996
0,0.12839069962501526,-0.10835374891757965,0.09160371869802475
0,-2.1654367446899414E-4,-0.10945240904887517,0.06096625824769338
1,0.018144381046295167,-0.0681546688079834,0.022669502667018344
1,-0.11824476718902588,5.756715933481852E-4,0.058372074365615846
1,-0.06119865720922297,0.032341079278425736,0.09145028392473857
0,0.09195833710523751,-0.012206035737807933,-0.12508864062173025
0,-0.03257595654577017,0.020920149981975555,-0.004242122173309326
0,-0.026600990030500624,-0.08283079539736111,-0.02760811261832714
0,0.09135942373956953,0.012524023652076721,-0.027947451919317245
0,-0.07735059410333633,-0.0162408451239268,-0.016957559755870273
1,-0.09567750394344329,0.1130279242992401,-0.08659986513001579
0,0.0283164381980896,-0.064798646739551,-0.0335066384739346
1,0.04349279900391897,0.029984292884667713,-0.01106271892786026
1,0.03167685412842294,-0.02520078938940297,-0.020079947113990783
1,-0.038862378719974965,-0.02166394188123591,0.016626110848258522
1,-0.07920644929011662,0.047734539955854416,-0.06338484254148272
1,0.010473632294198742,0.03917694610098134,0.04705958068370819
0,-0.08798830807209015,-0.08461683541536331,0.004933377106984456
1,0.06256049498915672,0.009085569530725479,0.0540655143558979
0,-0.06308610737323761,0.07144656181335449,-0.019067576663060623
1,0.04152668480362211,0.007091426423617772,0.017528279019253596
1,0.07894312739372253,0.04363265633583069,0.0016992330551147462
1,0.14980451549802506,0.06323976176125663,0.10468954220414162
1,-0.017224433747204868,0.026184558868408203,0.06483076512813568
1,-0.03620947069591946,0.024856865406036377,-0.08928789032830133
0,-0.08577431924641132,-0.07167424913495779,0.0023970603942871094
1,0.07688588133225074,-0.029295897254577048,0.006703780247614934
0,0.02086328057681813,0.04079486342037425,-0.06269334826399298
1,-0.10667608045041561,0.0611275814473629,0.16643407344818115
0,0.011980356140570208,-0.11948285285722125,0.06497968112428983
1,-0.003824900549191695,0.033124420505303606,0.05869153241316478
1,0.09033723548054695,-0.08033762499690056,0.09122342988848686
1,-0.03232346475124359,0.06878733093088324,-0.020199033121267956
1,0.03987396955490112,0.05244629681110382,0.10572529380971735
0,0.01703626662492752,-0.005293503403663635,-0.07909375429153442
1,0.021291923310075487,0.05230744821684701,0.010501419859273093
0,0.008336547762155533,0.03337453491985798,-0.021249200403690337
1,-0.06453522188322884,-0.04616465100220272,-0.004295960068702698
1,-0.043641981482505796,0.059221765398979186,-0.04034961455247619
0,0.004792658452476774,-0.01021234563418797,0.03129397581020991
0,0.029638253152370453,0.0535646416246891,-0.009820085763931275
0,-0.15283063528212634,-0.042076125741004944,-0.008403343458970388
1,-0.03967626507465656,0.02391748703443087,0.04230761130650838
1,-0.015418287366628647,-0.016025055199861526,0.028394645452499388
0,-0.02884266972541809,-0.006226898729801178,-0.10472989150068977
0,-0.04327910596674139,-0.01663977720520713,0.024433799661122836
1,0.016928650438785553,0.011987391859292984,-0.007505321327377768
1,-0.046150267124176025,0.06838764746983846,0.03407663106918335
0,8.012188805474176E-4,-0.008766593204604255,0.013884757459163666
0,-0.025473047907535847,-0.007263564146482027,0.017840354641278585
1,0.0395679771900177,-0.0445055647620133,-0.07274566714962323
1,-0.005230676096219283,-0.037441400381234974,0.0540230604154723
0,-0.018758551640944046,0.02650967240333557,-0.016008820671301622
1,-0.02546793222427368,0.05367913842201233,0.031065519899129868
1,0.02039338861192976,-0.139521952186312,0.05214078165590763
0,-0.026347291469573975,-0.14727750346064566,0.05883951733509699
0,0.028170232261930193,-0.03451615891286305,-0.026487934092680614
1,-0.004256565434237321,0.032047387367735304,0.0040315611598392325
0,0.09440899583009574,-0.014354194299532818,-0.03504299478871482
0,-0.04370012027876718,-0.040029553430421014,-0.16243592277169228
1,-0.08229875908448146,-0.0032179315502826986,-0.09690499917737075
1,0.016299548745155334,0.03659224733710289,-0.01465403139591217
1,-0.05421381940444311,-0.005037441849708557,0.024282604455947876
0,0.0028829050064086916,-0.016560272425413133,0.09081917771926293
0,-0.05276653418938319,-0.07370852430661519,-0.046459472072975974
1,-0.028642285149544477,-0.009810784831643105,0.06779926270246506
0,-0.010701815783977508,0.023206517845392228,-0.03347845849665729
1,0.020032338459383358,-9.489875625480305E-4,0.0033221892439402067
1,0.08305064531473014,-0.01741246535227849,0.06414123784218516
0,-0.019099344809850056,-0.07363159954547882,0.049750931560993195
0,-0.0017289333045482635,-0.0037888112393292513,-0.007758089651664098
1,-0.04698496560255686,0.012083315187030368,0.09146866533491346
1,-0.02423115751960061,0.017705874348228626,0.05598677725841602
0,0.007243032482537356,0.014209710738875649,0.0665947131135247
0,-0.06451394243372811,0.03322100639343262,-0.08203936616579692
1,0.08021284143129985,0.04644326368967692,0.010870866477489471
0,-0.014554748932520548,-0.03023072083791097,-0.13886352069675922
1,0.032052093744277955,-0.03167850151658058,0.016624373468485745
0,-0.06962457112967968,-0.03288283944129944,-0.0703030820004642
0,-0.13278740644454956,0.043651871383190155,-0.07956176002820332
0,-0.03381332258383433,-0.04983195662498474,0.03553370386362076
1,-0.041847229624787964,0.006317097693681717,0.03646546761904444
0,-0.023023861532027904,0.0018590780404897837,-0.04232582449913025
0,0.014634594321250916,0.001179620623588562,0.02768628512110029
0,-0.02824358961411885,-0.012157719050134932,-0.004315552966935294
1,0.013015152017275492,0.030812415480613708,0.02283494472503662
1,-0.020435109734535217,0.06173031032085419,-0.08158789724111556
1,0.006534064395560158,0.0775238068567382,0.036807369138743426
1,0.05040673414866129,0.04371778087483512,0.010293357074260712
0,-0.045026153326034546,-0.1097060963511467,-0.03586377203464508
1,-0.041557338833808896,0.02642236351966858,0.016461567445234818
0,0.04015861398407391,-0.14536853773253305,-0.08596694735544068
1,-0.001054474711418152,-0.025297395884990692,0.11043565223614375
0,-0.09053019516997868,0.00798709856139289,0.03680737993933938
1,0.045926464455468316,-0.006750619837215969,0.007725344970822334
0,0.047646093368530276,-0.07358862459659576,-0.05329763889312744
1,-0.018386154071144436,0.02403279118563818,0.03976848597327868
1,0.05292334655920664,0.025191903114318848,0.09961629658937454
1,0.018284893952883206,0.012860169204381796,0.07639567454655966
0,-0.11242385146518548,-0.05689016729593277,-0.12584370804520753
0,-0.08328835801644759,-0.0010325099256905642,-0.012319436539774355
0,-0.08366870135068893,-0.08237247647983688,-0.05825199140235782
0,0.016131460666656494,-0.06762092289599506,-0.014922618245085081
0,-0.025618377327919006,-0.04020881652832031,-0.048042188652537086
1,-0.009384699557956896,0.10389947263818038,0.027626117691397667
1,0.06913634803560045,-0.02492082118988037,-0.06641765534877778
1,-0.001397413286295804,0.0024432241916656494,0.04801666507354149
1,-0.0020125017446630143,0.0478494636276189,-0.008329365402460098
0,-0.027393396411623274,0.003911943307944706,0.045436003378459384
1,-0.11591671779751778,-0.038863963137070336,-0.03861609527042934
1,0.0745053231716156,-0.028181087970733643,0.05988525599241257
0,-0.11263986925284068,0.06832431256771088,-0.06429803681870301
0,0.04832276701927185,0.003924481570720673,0.07635316252708435
1,0.1187963604927063,-0.08624014556407929,0.21615934797695704
1,0.014848808447519938,0.08761114378770192,0.09122140492711749
1,0.02917524359442971,0.003005734221501784,0.07503867894411087
0,-0.04760011202759213,-0.010886708895365397,-0.04127519510009072
0,0.051502308675221035,-0.014148169330188207,0.058756958693265915
1,-0.05889119042290582,0.00888324777285258,0.0806151574308222
1,0.08466968834400176,0.04269459992647171,-0.007060343568975275
1,0.08692589402198792,0.0021392575332096647,0.10156376446996417
0,-0.06999276578426361,-0.05403161235153675,0.013275074958801269
1,0.028495674783533268,0.07133525068109686,-0.0059604564538368815
0,-0.10082477496729957,-0.02137066920598348,-0.08072289079427719
0,0.0030767206962292013,0.03801650725878202,-0.0019518595475416917
1,0.02984424928824107,0.02866466095050176,0.068341925740242
0,-0.06138351857662201,0.026824045181274413,-0.024419297065053667
0,-0.030534045149882633,-0.03033793220917384,-0.015546051355508657
0,-0.04227889416848912,-0.11341233157059726,-0.018162944599201803
0,-0.0049190521240234375,-0.08014461304992437,-0.08654779382050037
1,-0.00920614931318495,0.033791820208231606,0.018985170125961303
1,-0.07833365408273843,0.020701708701940682,-0.003380981087684631
0,0.027117852460254322,-0.021387662399898876,-0.11365587916225195
0,0.03898342166628156,-0.1193409902708871,0.05277918066297259
1,0.0826171226799488,0.03548622503876686,0.10996993713908726
0,-0.01985315717756748,-0.017570304125547408,0.05501385033130646
0,-0.024518235524495443,0.009577587991952897,-0.013998263515532017
1,-0.01855718791484833,0.015256822109222412,0.07248104363679886
0,-0.15831974148750305,0.0068978120883305865,-0.18154565679530302
1,-0.025481104850769043,-0.004540497064590454,0.1545651157697042
0,-0.007881260787447294,-0.008751798421144485,0.03262845426797867
1,-0.1198921161038535,-0.02733358527932848,0.012799666159682803
1,-0.01110137403011322,0.07124586701393128,0.007534709843722257
0,-0.04193630144000053,-0.027787265181541444,0.033418881396452584
0,-0.05252739911278089,0.03787148495515188,-0.01625323983339163
1,0.031093365379742215,0.02051596556391035,0.05937960211719785
1,0.04765867292881012,-0.06794928461313247,0.05579307675361633
0,0.004403425311600721,0.060985693225154174,0.0075830074733701245
0,-0.004920494791708495,0.047172294635521736,-0.007136925074614976
1,0.04644185440106825,0.045938871123574,0.045372490699474625
0,-0.013520161621272564,0.09204228594899178,-0.07458607355753581
1,0.02897563874721527,0.02246235907077789,0.017882637679576874
1,0.18149883879555595,-0.04337249530686273,-0.055034478505452476
1,0.034176270167032875,0.06946517527103424,0.10148013631502788
0,7.588139602116176E-4,-0.06547681667975017,-0.02222138856138502
1,0.037233413330146244,-0.06207623864923205,-0.013266966811248235
1,-0.040387580171227455,-0.029651740565896034,0.009119139984250069
1,0.061030704866756096,-0.028966990384188564,-0.009169059304090647
0,0.0034391035636266074,0.035722298754586115,-2.8019547462463377E-4
1,0.02626112401485443,-0.04992039799690247,0.01909494400024414
0,-0.03500404741082873,0.04851575408663068,-0.02201184630393982
1,-0.04678250849246979,0.009865807635443551,0.027210403233766556
1,0.06360386560360591,0.03193208326896032,0.10948789616425832
0,-0.014598783519532945,-1.6741247640715705E-4,-2.302052453160286E-4
1,0.01851083202795549,0.0225964215668765,-0.02054596319794655
0,0.019099670151869457,-0.023735113441944122,-0.05121328624395224
0,-0.05439325571060181,-0.08311448097229004,-4.611015319824219E-4
1,-0.008945655822753907,0.1494108557701111,0.11485186219215393
0,-0.05973184108734131,-0.052673570811748505,0.03668198734521866
1,0.007601283118128776,0.05835220068693161,-0.0247576983476227
0,0.008756043655531747,0.06180874790464129,-0.019148096442222595
1,-0.026161234293665205,0.015841948134558543,-0.07895178986447197
0,-0.2598176747560501,-0.02214544415473938,0.053328830003738406
0,-0.14346569031476974,-0.07364141196012497,-0.029583938419818878
1,0.023916938900947572,-0.041303396224975586,0.11105019102493922
1,0.0812901496887207,0.07746317386627197,0.0738174557685852
1,0.054887786507606506,-0.015061174829800924,0.0070613473653793335
0,0.04499603169304984,0.07235666683741979,0.0749786463048723
0,0.024280512562164895,0.019820995055712186,0.030511635541915893
1,-0.06268176157027483,-0.15200461260974407,0.08653112314641476
0,-0.03809002280235291,-0.017322887033224106,-0.011657760739326476
0,0.0958208292722702,0.022625435143709183,-0.04835110902786255
0,-0.07338890362353552,-0.05194702850920813,0.01692639362244379
0,0.018197780847549437,-0.14974476844072343,0.03884802460670471
0,4.056394100189209E-4,-0.09928630789120992,0.047998420894145966
0,-0.026917926289818504,-0.009780888530341062,-0.03189641466507545
1,-0.06710793823003769,0.0690731480717659,0.0667559305826823
1,0.006201765603489346,0.01700396090745926,0.054427901903788246
0,-0.06397402452097999,0.012859162357118394,-0.04879202917218208
0,-0.17282567504379484,-0.09793475104702844,0.09652169942855834
0,-0.07549611181020736,-0.06424358785152436,-0.09501195574800174
0,0.05804474155108134,-0.05165270964304606,-0.0073047996713564945
0,-0.007009289554647497,-0.013591500653608425,0.04456553359826406
1,0.14755649036831325,-0.09782530284590191,0.03796369002925025
1,-0.03642493350939317,0.0377455624667081,0.04441895049351912
1,-0.02837880131076364,0.03960214774398243,-0.013316470541452107
1,0.0032498687505722046,0.022114937504132588,0.03446799019972483
1,-0.1153866071254015,0.012136559933423996,-0.015575405955314637
0,0.011646561324596405,0.10834956169128418,-0.13551390978197256
1,0.018777282110282352,-0.12615927202360971,0.0894622653722763
1,0.06854670345783234,0.0656720221042633,-0.014773257076740265
1,-0.1086181290447712,-0.03276310674846172,-0.08818056806921959
1,-0.05276678336991204,-0.005737281507915921,0.08525075183974372
0,-0.05043750730427829,0.06793162497607144,-0.11292098665779288
0,-0.0354397676885128,0.0876677930355072,0.08441326022148132
0,-0.03520230352878571,-0.05167530030012131,-0.07389665767550468
0,-0.016050228476524354,-0.05062593966722488,-0.007715846101442973
0,0.010079200069109598,-0.14579523727297783,-0.05898461065122059
0,-0.05380293975273768,0.018177735308806103,0.056057666356746964
1,0.037031971746020846,-0.06088298228051928,0.06503567695617676
0,-0.10037813584009807,0.00632454330722491,-0.013197549618780613
1,-0.050859905779361725,-0.03556883195415139,-0.0613254951313138
0,0.023721199144016613,-0.06414730169556358,0.0046392002931007975
1,0.07979061603546142,-0.07393738403916358,7.291490381414241E-4
1,-8.965100754391063E-4,-0.031058966436169365,-0.07289052257935207
1,0.06249226159171054,0.06056360194557592,0.06296135877308093
1,-0.006462769848959786,-0.09198780783585139,-0.031357958912849426
0,-0.08668128401041031,-0.06517960987985134,-7.097572088241578E-5
1,0.03487452492117882,0.010539756880866157,-0.012460463576846652
0,0.028833354512850445,-0.012418375247054629,-0.032496435940265654
1,0.060093833340538874,0.08068692353036669,0.039255706762725655
1,-0.023750090463594956,-0.053908147595145485,0.015234760262749412
0,-0.00886413880756923,-0.04695488512516022,-0.04133812870298113
0,-0.0771967887878418,-0.0023740450541178387,0.048009977738062544
0,-0.01945021613077684,-0.022401721640066666,-0.13339162044800246
0,-0.028500756150797793,-0.05461810529232025,-0.04387782416061351
1,0.04646512766679128,0.05835977792739868,-0.033486407498518625
0,-0.1238037882880731,-0.08123875748027455,0.0022470784875062797
0,-0.12041479979570095,-0.13781727105379105,-0.14284087823969976
0,0.047775257378816605,0.07997708767652512,-0.09470742121338845
0,-0.07042646465393212,-0.0442284420132637,-0.009246959136082577
1,0.047408944368362425,0.05582044124603271,0.08130184667451042
0,0.030637374946049283,-0.1558970319373267,0.03705562154452006
1,-0.013318893940825211,-0.022230800045164006,0.04323364009982661
1,0.036402370780706406,0.023467324674129486,-0.05175647884607315
1,0.01652168482542038,0.09309447876044682,-0.002343546599149704
0,0.03816358248392741,-0.012706163856718276,-0.019090598279779606
1,-0.059668725728988646,0.06866690218448639,-0.11968604164818923
1,0.013026998323552749,0.01936437452540678,-0.025362115941549603
1,-0.06461643156680194,0.09451482783664357,-0.09944122781356175
0,0.0,0.0,-0.15707805752754211
1,-0.049647738987749275,0.05284975604577498,-0.024913502427247856
0,-0.06187544167041779,0.0012489855289459229,-0.03284681317481128
0,-0.025997492400082676,0.03983761776577343,0.0780188576741652
1,0.09850206741919884,0.014732187757125268,0.10389897456535926
1,-0.1434259255017553,-0.11976275805916105,-0.011996170040220022
1,-0.025937617421150208,0.004777946025133133,-0.06549319446086883
0,-0.018025971949100494,-0.021496810019016266,0.06743043065071105
1,0.058152117899485996,-0.06853052973747253,-0.06443234036366145
0,-0.020227398723363876,0.013861045241355896,-0.03568772673606872
0,-0.07353301041505554,0.12086372754790566,-0.07767960601128064
0,-0.08265046030282974,-0.0029791175491280025,1.962171359495683E-4
0,-0.006322305649518967,-0.07728889212012291,0.05059223622083664
0,-0.02306387883921464,-0.0672709255789717,-0.06033415404649881
1,0.010882952809333801,0.007657557725906372,0.08466186622778575
0,0.030259493451852065,0.03976734784933237,-0.04530846575895945
0,-0.012257653805944655,-0.164470710274246,-0.04411142650577757
0,-0.034145248122513294,-0.002475135028362274,-0.016625285148620605
0,0.08890265226364136,0.028972089290618896,0.11058080941438675
1,0.12848025134631566,0.08133944869041443,0.05164452724986606
0,0.004486153523127238,-0.12089922941393322,-0.07973348051309585
0,-0.08935134972517307,-0.06775745405600621,-0.06842450903994697
0,-0.09300438190499942,-0.060761277874310814,-0.18290189068232263
0,0.004850221797823906,-0.0683279849588871,0.06918612122535706
0,-0.0665337507213865,-0.02411660019840513,0.0934302636555263
0,-0.007651345510231822,-0.047868321404645316,-0.06455937478887408
0,-0.03823784738779068,-0.014689751900732517,-0.01798049807548523
0,0.0027252018451690676,0.017834168672561646,-0.025558412075042725
0,-0.024199485778808594,-0.016412938183004207,0.05546796570221583
1,0.024696240201592445,0.07652939110994339,-0.018239553603861067
0,-0.05587102898529598,-0.06903080589004926,0.015553982928395271
1,-0.08306942284107208,0.020747530460357665,0.05428251895037564
0,-0.05655161929982049,-0.0014910825661250523,-0.013345978089741297
1,0.04033960650364558,-0.11142230158050855,0.031659829119841255
0,-0.03298188921283273,-0.01928042576593511,-0.10117814454593156
0,-0.001957589387893677,-0.008270150423049927,-0.05596675588326021
1,0.06489342451095581,0.06857923418283463,0.003705427050590515
0,0.08440513057368142,0.02603000615324293,0.062449270486831666
1,-0.025405635436375935,0.0844271183013916,0.021691608428955077
1,0.003384642923871676,0.001104484001795451,0.047726874550183616
1,0.004686815398080009,-6.331524678639003E-4,-0.029392316937446594
1,-0.10500668548047543,-0.07185256605346997,-0.05431543004054289
0,-0.11734728453059991,0.049272675067186356,-0.047662039215748124
1,0.08740475177764892,0.0637235164642334,-0.02680914689387594
0,-0.005639174154826573,0.06828262337616511,-0.03210802096873522
1,0.08632753383029591,-0.0014701919122175736,-0.04058240167796612
1,-0.04091263963625981,-0.0053568642873030444,-0.008249325411660331
1,-0.06635612100362778,-0.010730111598968506,0.07007106145222981
1,0.015187478727764554,0.022215601470735338,-0.01798884239461687
1,1.7525187947533348E-4,0.011341333389282227,-6.77103346044367E-4
0,-0.023725290190089832,-0.026907332241535187,-0.09499677643179893
0,0.02628566821416219,-0.014333423640992906,0.01994519763522678
0,0.005352279916405678,0.0564336821436882,-0.012141380831599236
0,-0.0935112734635671,-0.08228500684102376,-0.10177971050143242
0,-0.030615281600218553,0.013581234102065746,0.019293702565706693
1,0.0035404769910706412,0.03300751745700836,0.03941215160820219
1,0.07645199298858643,0.11116511821746826,-0.026694140086571377
0,-0.04671289192305671,-0.04361931482950846,0.01293909251689911
1,0.03901036083698273,0.06169333557287852,0.019304009420531138
1,-0.020525746047496796,-0.017588110906737193,0.10341438557952642
0,-0.015062329173088074,-0.05648757293820381,0.004757082462310791
1,0.05595604768570732,-0.01288537067525527,-0.020176470279693604
1,-0.07129841215080684,-0.06225092295143339,-0.1385483682155609
1,-0.06474064663052559,0.04086808115243912,-0.00493377298116684
1,-0.01025264710187912,-0.07595166191458702,0.04436176187462277
0,-0.012330727143721147,0.024167753078720787,0.012250618292735172
0,-0.03323496878147125,-0.11276748776435852,0.020299557596445084
0,0.07225424395157741,-0.023991898275338687,-0.02750644660913027
0,-0.004942780733108521,-0.038818728923797605,-0.04066044430841099
1,0.05553317070007324,0.1987520456314087,-0.009314040342966715
1,-0.05871815105470327,-0.015217589071163764,-0.04026320789541517
1,0.01376620266172621,-0.04859732919269138,0.04871103465557099
0,0.01818123459815979,-0.05302485544234514,-0.042331373691558837
0,-0.06053429841995239,-0.046220481395721436,-0.02827096978823344
0,0.17685392498970032,0.03182482719421387,-0.02982160449028015
1,-0.008835934102535248,0.0019136220216751099,0.08644700050354004
0,-0.024923627078533173,0.008796194195747375,0.046536757187409836
0,0.07629096508026123,0.03464152216911316,-0.007613241672515869
1,-0.11875360459089279,0.016687830289204914,-0.029665617780251938
0,0.06348232179880142,0.052360258996486664,0.032322585582733154
0,-3.539043314316694E-4,-0.0856372924411998,-0.01601335613263978
0,0.09424724678198497,-0.07362306242187817,-0.060097720474004745
1,0.024369617303212483,0.0010670632123947143,0.06208823521931966
1,0.11774485219608653,-0.027720288796858353,-0.0020383081652901387
1,-0.024686281170163835,0.05082467198371887,-0.043517112731933594
0,-0.004319104437644665,-0.042634410926928885,0.02807617982228597
1,-0.12977083840153433,0.04961268603801727,0.020676247202433072
0,0.0328534409403801,0.026070916652679445,-0.084750622138381
1,0.12335678339004516,0.01353437602519989,0.04423492699861527
1,0.15587027867635092,-0.16652826592326164,-0.07275342270731926
1,-0.015278081595897674,0.020685711689293385,-0.03437077573367527
1,0.03980673551559448,-0.07246204614639282,0.11583584121295384
0,0.06358313134738378,0.03736895535673414,-0.0011353269219398499
0,0.06667427470286687,0.04430538912614187,0.036786407232284546
1,-0.002994447946548462,-0.12016500532627106,0.08758490532636642
0,-8.318871259689331E-4,0.0882871640580041,-0.020354419946670532
0,0.009804058406088088,0.026868356598748103,-0.02454473755576394
1,-0.01768265962600708,0.06709255576133728,-0.0366999477148056
0,-0.002154305577278137,-0.043873567932418416,0.07501326203346252
0,-0.026583895087242126,-0.10240790744622548,0.01082593947649002
1,0.020316526293754578,0.03564419969916344,0.031448133289813995
0,-0.030516658510480608,0.03838143178394863,0.02506016691525777
0,-0.10869147734982627,-0.034230366349220276,-2.9480126168992784E-4
0,-0.03307906869384977,-0.04763001369105445,-0.007116456826527913
1,0.019145649671554566,0.02228105366230011,0.04988102366526922
1,-0.032335697540215085,-0.010871371520417077,0.04622863133748372